日期,股票代码,名称,收盘价,最高价,最低价,开盘价,前收盘,涨跌额,涨跌幅,换手率,成交量,成交金额,总市值,流通市值
2022-08-19,'000001,上证指数,3258.0784,3286.4911,3258.0637,3275.6229,3277.5438,-19.4654,-0.5939,,333535471,4.57863361108e+11,,
2022-08-18,'000001,上证指数,3277.5438,3289.1415,3270.5584,3286.3669,3292.526,-14.9822,-0.455,,301694778,4.1807519968e+11,,
2022-08-17,'000001,上证指数,3292.526,3295.9976,3263.3483,3282.1008,3277.8847,14.6413,0.4467,,326124759,4.23859011368e+11,,
2022-08-16,'000001,上证指数,3277.8847,3295.0226,3271.5703,3278.6756,3276.087,1.7977,0.0549,,303592274,4.09210082291e+11,,
2022-08-15,'000001,上证指数,3276.087,3286.891,3261.8151,3268.3653,3276.8877,-0.8007,-0.0244,,287106773,3.87257744646e+11,,
2022-08-12,'000001,上证指数,3276.8877,3288.2233,3272.8406,3275.77,3281.6654,-4.7777,-0.1456,,299932928,4.03906156289e+11,,
2022-08-11,'000001,上证指数,3281.6654,3281.6654,3237.9041,3243.4716,3230.02,51.6454,1.5989,,300605376,4.27399149616e+11,,
2022-08-10,'000001,上证指数,3230.02,3253.1662,3217.8065,3242.3622,3247.4318,-17.4118,-0.5362,,257583592,3.90066120147e+11,,
2022-08-09,'000001,上证指数,3247.4318,3248.7718,3227.5394,3235.7351,3236.9337,10.4981,0.3243,,259605467,3.91415560267e+11,,
2022-08-08,'000001,上证指数,3236.9337,3237.9693,3214.0826,3218.8511,3227.0267,9.907,0.307,,254268050,3.9227717849e+11,,
2022-08-05,'000001,上证指数,3227.0267,3228.8863,3184.4549,3195.2274,3189.0391,37.9876,1.1912,,274683729,4.14055641493e+11,,
2022-08-04,'000001,上证指数,3189.0391,3190.9992,3155.7039,3179.4278,3163.6741,25.365,0.8018,,260898943,3.71146916078e+11,,
2022-08-03,'000001,上证指数,3163.6741,3217.5496,3159.457,3188.8906,3186.2664,-22.5923,-0.7091,,324885673,4.55409764943e+11,,
2022-08-02,'000001,上证指数,3186.2664,3231.2621,3155.1866,3231.2621,3259.9585,-73.6921,-2.2605,,394176168,4.75962696161e+11,,
2022-08-01,'000001,上证指数,3259.9585,3264.3041,3225.5533,3246.6161,3253.2382,6.7203,0.2066,,292204805,3.99000239744e+11,,
2022-07-29,'000001,上证指数,3253.2382,3294.8045,3246.3677,3282.8114,3282.5758,-29.3376,-0.8937,,307331047,4.10553093404e+11,,
2022-07-28,'000001,上证指数,3282.5758,3305.7057,3277.1078,3287.5019,3275.7553,6.8205,0.2082,,288055056,3.95925555549e+11,,
2022-07-27,'000001,上证指数,3275.7553,3282.5739,3265.7267,3271.7825,3277.4356,-1.6803,-0.0513,,249131485,3.39768241053e+11,,
2022-07-26,'000001,上证指数,3277.4356,3282.4133,3246.044,3254.1852,3250.388,27.0476,0.8321,,259468676,3.34421587036e+11,,
2022-07-25,'000001,上证指数,3250.388,3273.1836,3243.0311,3269.707,3269.9739,-19.5859,-0.599,,271245744,3.48281870965e+11,,
2022-07-22,'000001,上证指数,3269.9739,3293.6439,3246.7313,3276.1966,3272.0012,-2.0273,-0.062,,300690066,3.83576011593e+11,,
2022-07-21,'000001,上证指数,3272.0012,3300.5345,3272.0012,3297.6614,3304.7243,-32.7231,-0.9902,,332358707,4.20696576742e+11,,
2022-07-20,'000001,上证指数,3304.7243,3308.3472,3287.7441,3291.5507,3279.4313,25.293,0.7713,,301515123,3.83422746838e+11,,
2022-07-19,'000001,上证指数,3279.4313,3283.9295,3256.0152,3278.7221,3278.1033,1.328,0.0405,,315651918,3.96042358323e+11,,
2022-07-18,'000001,上证指数,3278.1033,3278.4715,3226.2315,3235.0881,3228.0609,50.0424,1.5502,,348346022,4.233572723e+11,,
2022-07-15,'000001,上证指数,3228.0609,3288.9198,3228.0609,3261.3826,3281.744,-53.6831,-1.6358,,380156371,4.60877019141e+11,,
2022-07-14,'000001,上证指数,3281.744,3299.2512,3261.4934,3277.4545,3284.2918,-2.5478,-0.0776,,355926432,4.31969353548e+11,,
2022-07-13,'000001,上证指数,3284.2918,3297.0185,3266.4811,3279.6025,3281.4665,2.8253,0.0861,,331845669,3.94134617511e+11,,
2022-07-12,'000001,上证指数,3281.4665,3319.2512,3277.0794,3307.2211,3313.584,-32.1175,-0.9693,,334600539,4.10950560718e+11,,
2022-07-11,'000001,上证指数,3313.584,3341.1016,3297.005,3341.1016,3356.0778,-42.4938,-1.2662,,342669193,4.24942266313e+11,,
2022-07-08,'000001,上证指数,3356.0778,3386.3149,3354.1209,3380.3686,3364.398,-8.3202,-0.2473,,322921072,4.21883933133e+11,,
2022-07-07,'000001,上证指数,3364.398,3375.8595,3332.3092,3353.1283,3355.3497,9.0483,0.2697,,334400202,4.38203112921e+11,,
2022-07-06,'000001,上证指数,3355.3497,3391.0265,3333.0965,3391.0265,3404.0252,-48.6755,-1.4299,,384630047,4.87474666924e+11,,
2022-07-05,'000001,上证指数,3404.0252,3424.8366,3372.0623,3411.1297,3405.4267,-1.4015,-0.0412,,411699672,5.16605703878e+11,,
2022-07-04,'000001,上证指数,3405.4267,3405.6185,3364.0947,3381.8194,3387.6373,17.7894,0.5251,,357737919,4.89347955347e+11,,
2022-07-01,'000001,上证指数,3387.6373,3404.0523,3378.3621,3400.2616,3398.6161,-10.9788,-0.323,,350489299,4.58435288456e+11,,
2022-06-30,'000001,上证指数,3398.6161,3417.0085,3358.9338,3358.9338,3361.5177,37.0984,1.1036,,381243178,5.10307202948e+11,,
2022-06-29,'000001,上证指数,3361.5177,3414.6467,3358.4676,3399.6779,3409.2103,-47.6926,-1.3989,,440573559,5.61306976812e+11,,
2022-06-28,'000001,上证指数,3409.2103,3412.1017,3358.8666,3377.6793,3379.1852,30.0251,0.8885,,412056516,5.25512509335e+11,,
2022-06-27,'000001,上证指数,3379.1852,3393.3091,3364.003,3364.003,3349.747,29.4382,0.8788,,414117738,5.41573846134e+11,,
2022-06-24,'000001,上证指数,3349.747,3356.7145,3322.9496,3324.736,3320.1487,29.5983,0.8915,,390819734,5.09615998469e+11,,
2022-06-23,'000001,上证指数,3320.1487,3320.1487,3262.2939,3269.0545,3267.2016,52.9471,1.6206,,400614211,4.74200107522e+11,,
2022-06-22,'000001,上证指数,3267.2016,3311.0209,3266.5427,3309.1184,3306.7186,-39.517,-1.1951,,375529782,4.40850994256e+11,,
2022-06-21,'000001,上证指数,3306.7186,3329.39,3279.8269,3313.7874,3315.4302,-8.7116,-0.2628,,394456891,4.7179364537e+11,,
2022-06-20,'000001,上证指数,3315.4302,3333.9025,3292.9279,3315.7833,3316.7857,-1.3555,-0.0409,,413460410,5.27751758046e+11,,
2022-06-17,'000001,上证指数,3316.7857,3323.2797,3262.8936,3265.5124,3285.3845,31.4012,0.9558,,395300700,4.97252170222e+11,,
2022-06-16,'000001,上证指数,3285.3845,3319.689,3277.5306,3306.8353,3305.4066,-20.0221,-0.6057,,433220868,5.06053993841e+11,,
2022-06-15,'000001,上证指数,3305.4066,3358.5453,3288.8512,3289.1036,3288.9066,16.5,0.5017,,550584131,6.21972527663e+11,,
2022-06-14,'000001,上证指数,3288.9066,3289.1343,3195.8192,3224.2141,3255.5511,33.3555,1.0246,,450388187,5.13844989478e+11,,
2022-06-13,'000001,上证指数,3255.5511,3272.9906,3229.3089,3256.275,3284.8341,-29.283,-0.8915,,438578312,5.11966171759e+11,,
2022-06-10,'000001,上证指数,3284.8341,3286.6195,3210.8083,3214.1848,3238.9543,45.8798,1.4165,,439865730,5.04153681088e+11,,
2022-06-09,'000001,上证指数,3238.9543,3270.5571,3223.4751,3259.4899,3263.7934,-24.8391,-0.7611,,422728372,4.6845821429e+11,,
2022-06-08,'000001,上证指数,3263.7934,3266.6298,3216.0148,3245.0173,3241.7635,22.0299,0.6796,,434183270,5.08408534897e+11,,
2022-06-07,'000001,上证指数,3241.7635,3253.093,3222.6354,3235.416,3236.3719,5.3916,0.1666,,402203220,4.8220319691e+11,,
2022-06-06,'000001,上证指数,3236.3719,3237.071,3181.647,3196.9552,3195.458,40.9139,1.2804,,422027835,5.17314346904e+11,,
2022-06-02,'000001,上证指数,3195.458,3197.2818,3163.7555,3170.3055,3182.1566,13.3014,0.418,,361770632,4.13729263917e+11,,
2022-06-01,'000001,上证指数,3182.1566,3190.6094,3160.0399,3179.6949,3186.4271,-4.2705,-0.134,,365664432,4.02419941241e+11,,
2022-05-31,'000001,上证指数,3186.4271,3188.6026,3142.0044,3149.9443,3149.0607,37.3664,1.1866,,374523265,4.3252802188e+11,,
2022-05-30,'000001,上证指数,3149.0607,3150.8923,3123.1495,3141.956,3130.2394,18.8213,0.6013,,349362285,3.76667694193e+11,,
2022-05-27,'000001,上证指数,3130.2394,3151.047,3112.5443,3135.0315,3123.1079,7.1315,0.2283,,359463866,3.72631595527e+11,,
2022-05-26,'000001,上证指数,3123.1079,3133.2767,3079.4812,3111.4817,3107.4641,15.6438,0.5034,,370305518,3.77364655262e+11,,
2022-05-25,'000001,上证指数,3107.4641,3107.6279,3069.9459,3070.1702,3070.9272,36.5369,1.1898,,342259227,3.42322167668e+11,,
2022-05-24,'000001,上证指数,3070.9272,3153.1299,3070.9272,3149.059,3146.8573,-75.9301,-2.4129,,416312158,4.38605376464e+11,,
2022-05-23,'000001,上证指数,3146.8573,3150.5093,3127.8986,3150.4898,3146.5673,0.29,0.0092,,353376325,3.81178569222e+11,,
2022-05-20,'000001,上证指数,3146.5673,3146.5673,3107.0941,3107.0941,3096.9648,49.6025,1.6016,,372336636,4.15306218189e+11,,
2022-05-19,'000001,上证指数,3096.9648,3096.9648,3042.6742,3046.7104,3085.9768,10.988,0.3561,,336600749,3.60018210692e+11,,
2022-05-18,'000001,上证指数,3085.9768,3105.8419,3071.305,3095.8862,3093.6965,-7.7197,-0.2495,,315037923,3.38849162214e+11,,
2022-05-17,'000001,上证指数,3093.6965,3093.6965,3057.6406,3076.4982,3073.7488,19.9477,0.649,,330356537,3.51671298471e+11,,
2022-05-16,'000001,上证指数,3073.7488,3102.577,3063.3977,3100.55,3084.2845,-10.5357,-0.3416,,338108492,3.48957705494e+11,,
2022-05-13,'000001,上证指数,3084.2845,3086.0957,3059.2527,3068.0331,3054.994,29.2905,0.9588,,331737852,3.40942192653e+11,,
2022-05-12,'000001,上证指数,3054.994,3072.1574,3032.9452,3044.7997,3058.7027,-3.7087,-0.1213,,344440477,3.68879652308e+11,,
2022-05-11,'000001,上证指数,3058.7027,3100.8998,3034.6745,3035.3893,3035.8442,22.8585,0.753,,423991912,4.72963382231e+11,,
2022-05-10,'000001,上证指数,3035.8442,3043.7789,2957.3968,2965.7759,3004.1409,31.7033,1.0553,,370660980,3.84012598375e+11,,
2022-05-09,'000001,上证指数,3004.1409,3015.9425,2983.6119,2990.199,3001.5605,2.5804,0.086,,292061556,2.9998325891e+11,,
2022-05-06,'000001,上证指数,3001.5605,3030.6926,2992.7152,3011.3187,3067.7587,-66.1982,-2.1579,,343264218,3.4621439772e+11,,
2022-05-05,'000001,上证指数,3067.7587,3082.2295,3042.1155,3044.8491,3047.0624,20.6963,0.6792,,383072875,4.09352003239e+11,,
2022-04-29,'000001,上证指数,3047.0624,3048.4941,2968.334,2986.0606,2975.4848,71.5776,2.4056,,423932794,4.40422728848e+11,,
2022-04-28,'000001,上证指数,2975.4848,2991.5101,2936.7941,2945.8109,2958.282,17.2028,0.5815,,375371775,3.88743021898e+11,,
2022-04-27,'000001,上证指数,2958.282,2959.1781,2863.6497,2866.8161,2886.4257,71.8563,2.4895,,423060191,4.22928346515e+11,,
2022-04-26,'000001,上证指数,2886.4257,2957.68,2878.2563,2930.4532,2928.5118,-42.0861,-1.4371,,401615154,3.95985961275e+11,,
2022-04-25,'000001,上证指数,2928.5118,3043.8156,2928.5096,3034.2667,3086.9193,-158.4075,-5.1316,,433606108,4.27077210434e+11,,
2022-04-22,'000001,上证指数,3086.9193,3105.6552,3049.3555,3058.4044,3079.8077,7.1116,0.2309,,342000563,3.48793631075e+11,,
2022-04-21,'000001,上证指数,3079.8077,3160.8994,3069.6809,3138.4276,3151.0498,-71.2421,-2.2609,,391934694,3.96542033947e+11,,
2022-04-20,'000001,上证指数,3151.0498,3191.8315,3142.0485,3189.8912,3194.0287,-42.9789,-1.3456,,362047037,3.73572708096e+11,,
2022-04-19,'000001,上证指数,3194.0287,3207.8276,3174.7138,3192.0924,3195.524,-1.4953,-0.0468,,339944104,3.62769876686e+11,,
2022-04-18,'000001,上证指数,3195.524,3204.0274,3166.9782,3185.9428,3211.2448,-15.7208,-0.4896,,347365123,3.66380807918e+11,,
2022-04-15,'000001,上证指数,3211.2448,3229.8655,3200.1332,3210.6996,3225.6412,-14.3964,-0.4463,,407842082,4.13498819916e+11,,
2022-04-14,'000001,上证指数,3225.6412,3240.0014,3200.2346,3203.6337,3186.8244,38.8168,1.218,,371242344,4.01191632081e+11,,
2022-04-13,'000001,上证指数,3186.8244,3225.467,3183.533,3199.7972,3213.3295,-26.5051,-0.8248,,391156925,3.98216898477e+11,,
2022-04-12,'000001,上证指数,3213.3295,3214.5359,3140.8998,3165.1197,3167.1259,46.2036,1.4588,,418321923,4.22455849024e+11,,
2022-04-11,'000001,上证指数,3167.1259,3239.855,3156.5066,3239.855,3251.8502,-84.7243,-2.6054,,424160185,4.35129505095e+11,,
2022-04-08,'000001,上证指数,3251.8502,3257.0938,3208.3521,3239.8767,3236.6951,15.1551,0.4682,,413826799,4.14037258375e+11,,
2022-04-07,'000001,上证指数,3236.6951,3290.2561,3236.4791,3267.8103,3283.4261,-46.731,-1.4232,,402626660,3.98081845473e+11,,
2022-04-06,'000001,上证指数,3283.4261,3288.108,3255.6894,3269.427,3282.7166,0.7095,0.0216,,429642779,4.33556392484e+11,,
2022-04-01,'000001,上证指数,3282.7166,3287.2285,3226.2965,3234.668,3252.2029,30.5137,0.9382,,378210460,4.05675715433e+11,,
2022-03-31,'000001,上证指数,3252.2029,3272.04,3246.063,3256.1369,3266.5959,-14.393,-0.4406,,398439934,4.28089033635e+11,,
2022-03-30,'000001,上证指数,3266.5959,3266.5959,3216.3023,3217.5921,3203.9393,62.6566,1.9556,,366753677,4.13008941329e+11,,
2022-03-29,'000001,上证指数,3203.9393,3229.1766,3196.4553,3216.0118,3214.5027,-10.5634,-0.3286,,316273649,3.63964468654e+11,,
2022-03-28,'000001,上证指数,3214.5027,3230.2153,3159.8348,3185.1668,3212.2399,2.2628,0.0704,,344994873,3.7447227997e+11,,
2022-03-25,'000001,上证指数,3212.2399,3257.1061,3211.6445,3247.1568,3250.2644,-38.0245,-1.1699,,340020006,3.89770395978e+11,,
2022-03-24,'000001,上证指数,3250.2644,3266.8866,3236.6592,3256.0573,3271.0325,-20.7681,-0.6349,,329006654,3.90727516516e+11,,
2022-03-23,'000001,上证指数,3271.0325,3279.8868,3251.9817,3264.7923,3259.8619,11.1706,0.3427,,349875370,4.05422033502e+11,,
2022-03-22,'000001,上证指数,3259.8619,3279.1127,3239.5323,3249.5428,3253.6857,6.1762,0.1898,,361196158,4.02798964046e+11,,
2022-03-21,'000001,上证指数,3253.6857,3267.4982,3223.3892,3255.6152,3251.0724,2.6133,0.0804,,354228488,4.21076289728e+11,,
2022-03-18,'000001,上证指数,3251.0724,3260.7829,3197.3578,3207.1522,3215.0445,36.0279,1.1206,,373035611,4.28415081637e+11,,
2022-03-17,'000001,上证指数,3215.0445,3260.1673,3202.9337,3215.0105,3170.7103,44.3342,1.3982,,420813458,5.32549484016e+11,,
2022-03-16,'000001,上证指数,3170.7103,3177.7882,3023.3045,3107.669,3063.9652,106.7451,3.4839,,444667189,5.22305342485e+11,,
2022-03-15,'000001,上证指数,3063.9652,3196.9161,3063.9652,3192.3637,3223.5328,-159.5676,-4.9501,,465037164,5.0815841006e+11,,
2022-03-14,'000001,上证指数,3223.5328,3297.7973,3223.5328,3271.8902,3309.7467,-86.2139,-2.6048,,337968687,4.18055596109e+11,,
2022-03-11,'000001,上证指数,3309.7467,3315.6603,3217.4185,3259.3227,3296.0922,13.6545,0.4143,,384067127,4.58687054696e+11,,
2022-03-10,'000001,上证指数,3296.0922,3326.5827,3291.2352,3312.1789,3256.3884,39.7038,1.2193,,378336376,4.66084008361e+11,,
2022-03-09,'000001,上证指数,3256.3884,3321.4811,3147.6768,3303.706,3293.5301,-37.1417,-1.1277,,466285569,5.19833299622e+11,,
2022-03-08,'000001,上证指数,3293.5301,3383.6326,3287.3412,3372.5546,3372.8552,-79.3251,-2.3519,,415926766,4.85623581004e+11,,
2022-03-07,'000001,上证指数,3372.8552,3438.5602,3360.7393,3438.5602,3447.649,-74.7938,-2.1694,,393588999,4.58156894791e+11,,
2022-03-04,'000001,上证指数,3447.649,3474.8816,3437.6964,3459.9845,3481.1125,-33.4635,-0.9613,,393526581,4.30669055303e+11,,
2022-03-03,'000001,上证指数,3481.1125,3500.2872,3473.3376,3495.928,3484.1916,-3.0791,-0.0884,,412594289,4.43621777162e+11,,
2022-03-02,'000001,上证指数,3484.1916,3486.6206,3466.9999,3478.2925,3488.8347,-4.6431,-0.1331,,329367684,3.80143816188e+11,,
2022-03-01,'000001,上证指数,3488.8347,3491.1317,3465.7154,3471.3646,3462.3064,26.5283,0.7662,,326001662,4.1256247116e+11,,
2022-02-28,'000001,上证指数,3462.3064,3462.3064,3425.5162,3450.3155,3451.4061,10.9003,0.3158,,345838388,4.13804526724e+11,,
2022-02-25,'000001,上证指数,3451.4061,3480.1756,3440.9339,3445.3361,3429.9564,21.4497,0.6254,,377542556,4.41659490622e+11,,
2022-02-24,'000001,上证指数,3429.9564,3486.9773,3400.2136,3474.3692,3489.1465,-59.1901,-1.6964,,488354901,5.6979404422e+11,,
2022-02-23,'000001,上证指数,3489.1465,3490.7633,3458.1795,3458.5139,3457.146,32.0005,0.9256,,325604895,4.15630339823e+11,,
2022-02-22,'000001,上证指数,3457.146,3473.3931,3437.6717,3473.2874,3490.6123,-33.4663,-0.9588,,326279484,3.87678927614e+11,,
2022-02-21,'000001,上证指数,3490.6123,3492.1994,3471.6858,3488.4057,3490.7573,-0.145,-0.0042,,301541740,3.45398586146e+11,,
2022-02-18,'000001,上证指数,3490.7573,3490.7573,3447.0273,3451.6318,3468.0354,22.7219,0.6552,,295149963,3.27220393283e+11,,
2022-02-17,'000001,上证指数,3468.0354,3480.9719,3454.2767,3464.2091,3465.8305,2.2049,0.0636,,297262682,3.55783125697e+11,,
2022-02-16,'000001,上证指数,3465.8305,3475.0576,3453.8014,3457.073,3446.0885,19.742,0.5729,,274993913,3.25563412529e+11,,
2022-02-15,'000001,上证指数,3446.0885,3447.4917,3421.6403,3428.0447,3428.8821,17.2064,0.5018,,275559322,3.41638876452e+11,,
2022-02-14,'000001,上证指数,3428.8821,3457.2645,3415.4463,3451.8468,3462.9479,-34.0658,-0.9837,,315274448,3.61677855098e+11,,
2022-02-11,'000001,上证指数,3462.9479,3500.1471,3459.3299,3472.2757,3485.9071,-22.9592,-0.6586,,361356090,4.26297923498e+11,,
2022-02-10,'000001,上证指数,3485.9071,3488.8552,3464.2169,3481.9101,3479.9458,5.9613,0.1713,,355666267,4.04969419399e+11,,
2022-02-09,'000001,上证指数,3479.9458,3484.739,3444.0848,3450.818,3452.6288,27.317,0.7912,,350249936,3.9371998977e+11,,
2022-02-08,'000001,上证指数,3452.6288,3453.1863,3390.4578,3428.5424,3429.5809,23.0479,0.672,,366093865,3.87969865736e+11,,
2022-02-07,'000001,上证指数,3429.5809,3434.0256,3407.7621,3407.7621,3361.4397,68.1412,2.0271,,320485211,3.57140422917e+11,,
2022-01-28,'000001,上证指数,3361.4397,3417.0453,3356.5558,3407.5933,3394.2474,-32.8077,-0.9666,,290855257,3.53774612581e+11,,
2022-01-27,'000001,上证指数,3394.2474,3456.363,3392.0154,3456.1021,3455.6679,-61.4205,-1.7774,,280606534,3.46533957924e+11,,
2022-01-26,'000001,上证指数,3455.6679,3462.1233,3417.7585,3442.6916,3433.0612,22.6067,0.6585,,275122828,3.38312361452e+11,,
2022-01-25,'000001,上证指数,3433.0612,3519.8334,3433.0612,3509.2847,3524.105,-91.0438,-2.5835,,327353813,3.83727737454e+11,,
2022-01-24,'000001,上证指数,3524.105,3531.6081,3500.1391,3508.2441,3522.5679,1.5371,0.0436,,280268342,3.5800969427e+11,,
2022-01-21,'000001,上证指数,3522.5679,3547.0003,3514.8853,3546.7495,3555.0629,-32.495,-0.914,,326534880,4.17768922558e+11,,
2022-01-20,'000001,上证指数,3555.0629,3576.2594,3540.5545,3556.2262,3558.1796,-3.1167,-0.0876,,379509846,4.59701843414e+11,,
2022-01-19,'000001,上证指数,3558.1796,3578.7348,3541.6619,3567.6309,3569.9144,-11.7348,-0.3287,,333235269,4.2076336421e+11,,
2022-01-18,'000001,上证指数,3569.9144,3579.3126,3531.3295,3541.8899,3541.666,28.2484,0.7976,,377146435,4.70832038609e+11,,
2022-01-17,'000001,上证指数,3541.666,3546.0853,3519.4257,3522.0851,3521.2559,20.4101,0.5796,,312886733,4.38272981569e+11,,
2022-01-14,'000001,上证指数,3521.2559,3548.4204,3519.3222,3544.0652,3555.2585,-34.0026,-0.9564,,376937024,4.63197641866e+11,,
2022-01-13,'000001,上证指数,3555.2585,3601.0725,3555.1576,3601.0265,3597.4321,-42.1736,-1.1723,,369368365,4.57005419279e+11,,
2022-01-12,'000001,上证指数,3597.4321,3599.4993,3572.0965,3578.1629,3567.4409,29.9912,0.8407,,343132956,4.3581789298e+11,,
2022-01-11,'000001,上证指数,3567.4409,3602.1454,3562.7541,3589.9043,3593.5187,-26.0778,-0.7257,,359761863,4.41300566934e+11,,
2022-01-10,'000001,上证指数,3593.5187,3593.5187,3555.1255,3572.7434,3579.5427,13.976,0.3904,,356222610,4.43400848592e+11,,
2022-01-07,'000001,上证指数,3579.5427,3607.2316,3577.0976,3588.9851,3586.0792,-6.5365,-0.1823,,436306961,5.02891435426e+11,,
2022-01-06,'000001,上证指数,3586.0792,3594.489,3559.8803,3581.2184,3595.1761,-9.0969,-0.253,,371540543,4.74284290005e+11,,
2022-01-05,'000001,上证指数,3595.1761,3628.2634,3583.4668,3628.2634,3632.3289,-37.1528,-1.0228,,423902028,5.38963631684e+11,,
2022-01-04,'000001,上证指数,3632.3289,3651.8924,3610.0922,3649.151,3639.7754,-7.4465,-0.2046,,405027769,5.10251060625e+11,,
2021-12-31,'000001,上证指数,3639.7754,3642.843,3624.9419,3626.242,3619.1886,20.5868,0.5688,,329681932,4.33489803104e+11,,
2021-12-30,'000001,上证指数,3619.1886,3628.9177,3595.4957,3596.4921,3597.0002,22.1884,0.6169,,307839291,4.13947692796e+11,,
2021-12-29,'000001,上证指数,3597.0002,3630.9159,3596.3225,3630.9159,3630.1115,-33.1113,-0.9121,,305131766,4.10425339497e+11,,
2021-12-28,'000001,上证指数,3630.1115,3631.0766,3607.3643,3619.6419,3615.9741,14.1374,0.391,,316202242,4.08761369696e+11,,
2021-12-27,'000001,上证指数,3615.9741,3632.188,3601.9351,3613.0469,3618.0535,-2.0794,-0.0575,,329235293,4.07482648446e+11,,
2021-12-24,'000001,上证指数,3618.0535,3648.9556,3612.0673,3645.3948,3643.3391,-25.2856,-0.694,,390347625,4.76261146267e+11,,
2021-12-23,'000001,上证指数,3643.3391,3643.5459,3618.048,3625.4695,3622.6178,20.7213,0.572,,382925734,4.49988152723e+11,,
2021-12-22,'000001,上证指数,3622.6178,3635.8992,3616.5477,3632.6763,3625.1251,-2.5073,-0.0692,,394825177,4.32451306637e+11,,
2021-12-21,'000001,上证指数,3625.1251,3627.0884,3591.4519,3591.4519,3593.6019,31.5232,0.8772,,408184348,4.28379392341e+11,,
2021-12-20,'000001,上证指数,3593.6019,3643.9537,3589.3603,3620.0371,3632.3638,-38.7619,-1.0671,,423851410,4.91828987624e+11,,
2021-12-17,'000001,上证指数,3632.3638,3673.6535,3631.6605,3670.2578,3675.016,-42.6522,-1.1606,,408487837,4.91952923489e+11,,
2021-12-16,'000001,上证指数,3675.016,3675.016,3644.6646,3648.9271,3647.6303,27.3857,0.7508,,381329507,4.65911359475e+11,,
2021-12-15,'000001,上证指数,3647.6303,3668.4016,3645.2425,3655.0489,3661.5253,-13.895,-0.3795,,377477667,4.81134370303e+11,,
2021-12-14,'000001,上证指数,3661.5253,3671.6784,3654.6561,3669.8067,3681.082,-19.5567,-0.5313,,362171934,4.87468521312e+11,,
2021-12-13,'000001,上证指数,3681.082,3708.9424,3678.0583,3686.9368,3666.3479,14.7341,0.4019,,424092009,5.74187961682e+11,,
2021-12-10,'000001,上证指数,3666.3479,3667.8547,3651.3525,3654.3684,3673.0412,-6.6933,-0.1822,,419988801,5.56324240459e+11,,
2021-12-09,'000001,上证指数,3673.0412,3688.3968,3638.7022,3641.1579,3637.5675,35.4737,0.9752,,431918157,5.68529389584e+11,,
2021-12-08,'000001,上证指数,3637.5675,3637.715,3591.9857,3602.824,3595.0882,42.4793,1.1816,,361036657,4.86034352142e+11,,
2021-12-07,'000001,上证指数,3595.0882,3614.2228,3572.5688,3611.217,3589.3061,5.7821,0.1611,,403842594,5.24119459396e+11,,
2021-12-06,'000001,上证指数,3589.3061,3626.1257,3586.8052,3615.2356,3607.4322,-18.1261,-0.5025,,418676743,5.28229670826e+11,,
2021-12-03,'000001,上证指数,3607.4322,3608.4698,3573.2135,3576.4496,3573.8358,33.5964,0.9401,,377551048,4.93565554762e+11,,
2021-12-02,'000001,上证指数,3573.8358,3586.867,3567.137,3573.2468,3576.8853,-3.0495,-0.0853,,354041524,4.68424828238e+11,,
2021-12-01,'000001,上证指数,3576.8853,3576.8853,3558.691,3561.886,3563.8872,12.9981,0.3647,,329873517,4.67522790619e+11,,
2021-11-30,'000001,上证指数,3563.8872,3582.115,3546.3618,3570.7468,3562.6968,1.1904,0.0334,,349187938,4.93605518048e+11,,
2021-11-29,'000001,上证指数,3562.6968,3563.677,3526.3551,3528.672,3564.0894,-1.3926,-0.0391,,333618331,4.90038170242e+11,,
2021-11-26,'000001,上证指数,3564.0894,3576.1136,3554.8798,3576.1136,3584.1788,-20.0894,-0.5605,,301000066,4.34625236058e+11,,
2021-11-25,'000001,上证指数,3584.1788,3597.1478,3579.5333,3593.3883,3592.7025,-8.5237,-0.2373,,306451518,4.50558843114e+11,,
2021-11-24,'000001,上证指数,3592.7025,3602.7354,3575.2884,3590.0189,3589.0894,3.6131,0.1007,,336775246,4.81020419983e+11,,
2021-11-23,'000001,上证指数,3589.0894,3598.3749,3577.3608,3580.5058,3582.0797,7.0097,0.1957,,360011593,5.08083893762e+11,,
2021-11-22,'000001,上证指数,3582.0797,3585.1876,3562.7505,3562.7628,3560.3734,21.7063,0.6097,,330009385,5.09123407001e+11,,
2021-11-19,'000001,上证指数,3560.3734,3561.9127,3517.6514,3519.2758,3520.7106,39.6628,1.1266,,317989976,4.40593605999e+11,,
2021-11-18,'000001,上证指数,3520.7106,3537.9758,3513.1136,3531.4923,3537.3662,-16.6556,-0.4708,,312426927,4.32898314219e+11,,
2021-11-17,'000001,上证指数,3537.3662,3537.5125,3513.523,3518.5646,3521.7867,15.5795,0.4424,,276735671,4.01552317882e+11,,
2021-11-16,'000001,上证指数,3521.7867,3549.7654,3517.8065,3530.4575,3533.3026,-11.5159,-0.3259,,310399909,4.44700782765e+11,,
2021-11-15,'000001,上证指数,3533.3026,3550.4438,3521.2924,3542.9034,3539.1002,-5.7976,-0.1638,,313017612,4.64065405724e+11,,
2021-11-12,'000001,上证指数,3539.1002,3543.648,3527.3896,3534.1512,3532.7858,6.3144,0.1787,,308683354,4.43398366973e+11,,
2021-11-11,'000001,上证指数,3532.7858,3534.1991,3482.8291,3486.451,3492.4616,40.3242,1.1546,,322087957,4.64803859154e+11,,
2021-11-10,'000001,上证指数,3492.4616,3498.9445,3448.4378,3498.9445,3507.0018,-14.5402,-0.4146,,307030708,4.43112742292e+11,,
2021-11-09,'000001,上证指数,3507.0018,3514.9512,3489.0431,3507.1075,3498.6308,8.371,0.2393,,287315989,4.21200703326e+11,,
2021-11-08,'000001,上证指数,3498.6308,3507.2744,3484.2399,3491.9709,3491.5677,7.0631,0.2023,,298183722,4.21968075351e+11,,
2021-11-05,'000001,上证指数,3491.5677,3525.8723,3491.4565,3520.2073,3526.8657,-35.298,-1.0008,,354533565,4.85823223513e+11,,
2021-11-04,'000001,上证指数,3526.8657,3527.9517,3503.0059,3505.8944,3498.5368,28.3289,0.8097,,319440829,4.68829179598e+11,,
2021-11-03,'000001,上证指数,3498.5368,3512.6089,3480.4877,3501.1051,3505.6283,-7.0915,-0.2023,,306607669,4.4911512672e+11,,
2021-11-02,'000001,上证指数,3505.6283,3559.0478,3477.664,3543.3827,3544.4795,-38.8512,-1.0961,,417563173,5.85519469752e+11,,
2021-11-01,'000001,上证指数,3544.4795,3556.59,3519.2901,3530.3963,3547.3361,-2.8566,-0.0805,,382251325,5.64100255084e+11,,
2021-10-29,'000001,上证指数,3547.3361,3547.3361,3502.8013,3519.3276,3518.4166,28.9195,0.8219,,358809377,5.2723183138e+11,,
2021-10-28,'000001,上证指数,3518.4166,3552.0419,3509.4872,3548.7021,3562.3052,-43.8886,-1.232,,378171666,5.02982768105e+11,,
2021-10-27,'000001,上证指数,3562.3052,3589.8573,3553.1277,3589.8573,3597.6377,-35.3325,-0.9821,,350620940,4.70777794112e+11,,
2021-10-26,'000001,上证指数,3597.6377,3625.0156,3589.706,3612.8332,3609.8626,-12.2249,-0.3387,,337278291,4.65179593747e+11,,
2021-10-25,'000001,上证指数,3609.8626,3611.0908,3564.2059,3574.2631,3582.6036,27.259,0.7609,,321196816,4.43961628845e+11,,
2021-10-22,'000001,上证指数,3582.6036,3607.5776,3578.7602,3594.7457,3594.7831,-12.1795,-0.3388,,353157203,4.55441250136e+11,,
2021-10-21,'000001,上证指数,3594.7831,3610.9602,3576.3547,3590.0496,3587.0009,7.7822,0.217,,352310867,4.53571672488e+11,,
2021-10-20,'000001,上证指数,3587.0009,3596.0499,3574.2957,3583.2364,3593.1533,-6.1524,-0.1712,,344245008,4.50482950932e+11,,
2021-10-19,'000001,上证指数,3593.1533,3596.7875,3560.6221,3562.2955,3568.1379,25.0154,0.7011,,334197652,4.401815318e+11,,
2021-10-18,'000001,上证指数,3568.1379,3571.0482,3539.4779,3571.0482,3572.3662,-4.2283,-0.1184,,340950616,4.55787893425e+11,,
2021-10-15,'000001,上证指数,3572.3662,3578.7661,3542.6932,3551.9874,3558.2795,14.0867,0.3959,,320292984,4.25924720864e+11,,
2021-10-14,'000001,上证指数,3558.2795,3569.6864,3547.182,3555.1085,3561.7623,-3.4828,-0.0978,,294969196,3.77519263094e+11,,
2021-10-13,'000001,上证指数,3561.7623,3569.1332,3515.6481,3543.4918,3546.9362,14.8261,0.418,,325050667,4.05020008807e+11,,
2021-10-12,'000001,上证指数,3546.9362,3583.6391,3515.1408,3581.2967,3591.7087,-44.7725,-1.2466,,405393748,4.61983492102e+11,,
2021-10-11,'000001,上证指数,3591.7087,3614.6988,3586.7487,3600.3569,3592.1666,-0.4579,-0.0127,,394361159,4.68673831445e+11,,
2021-10-08,'000001,上证指数,3592.1666,3612.5539,3571.7338,3609.0874,3568.1668,23.9998,0.6726,,407161148,4.92964826435e+11,,
2021-09-30,'000001,上证指数,3568.1668,3572.4259,3541.9283,3541.9283,3536.2944,31.8724,0.9013,,395629626,4.45734703143e+11,,
2021-09-29,'000001,上证指数,3536.2944,3573.5178,3518.0477,3573.5178,3602.2184,-65.924,-1.8301,,452511151,5.11106926315e+11,,
2021-09-28,'000001,上证指数,3602.2184,3610.917,3568.8189,3577.8859,3582.8307,19.3877,0.5411,,444168807,5.0008199606e+11,,
2021-09-27,'000001,上证指数,3582.8307,3640.8077,3559.9154,3625.9597,3613.0673,-30.2366,-0.8369,,510802795,6.40673648233e+11,,
2021-09-24,'000001,上证指数,3613.0673,3651.4294,3607.7919,3637.8677,3642.2204,-29.1531,-0.8004,,507304772,6.06788609083e+11,,
2021-09-23,'000001,上证指数,3642.2204,3670.9542,3632.2822,3651.2661,3628.4897,13.7307,0.3784,,534995486,6.33218929071e+11,,
2021-09-22,'000001,上证指数,3628.4897,3629.4539,3560.5033,3563.2074,3613.9663,14.5234,0.4019,,472296053,5.59874729606e+11,,
2021-09-17,'000001,上证指数,3613.9663,3620.9575,3569.2707,3595.2715,3607.0922,6.8741,0.1906,,516850210,6.28834394261e+11,,
2021-09-16,'000001,上证指数,3607.0922,3677.9198,3606.7276,3664.841,3656.2232,-49.131,-1.3438,,546741474,6.73955340425e+11,,
2021-09-15,'000001,上证指数,3656.2232,3677.5265,3638.3225,3651.1583,3662.6015,-6.3783,-0.1741,,474970001,6.04231544088e+11,,
2021-09-14,'000001,上证指数,3662.6015,3723.8451,3655.6341,3709.6336,3715.3723,-52.7708,-1.4203,,564952386,6.93778088252e+11,,
2021-09-13,'000001,上证指数,3715.3723,3716.8315,3692.8157,3699.2534,3703.1103,12.262,0.3311,,557484019,6.96192354652e+11,,
2021-09-10,'000001,上证指数,3703.1103,3722.8732,3681.6415,3691.1856,3693.1296,9.9807,0.2703,,635200433,7.59084638082e+11,,
2021-09-09,'000001,上证指数,3693.1296,3693.4499,3662.1633,3666.8246,3675.1865,17.9431,0.4882,,604810330,6.79465424376e+11,,
2021-09-08,'000001,上证指数,3675.1865,3695.3204,3660.9998,3673.4023,3676.5866,-1.4001,-0.0381,,586436193,6.74348482657e+11,,
2021-09-07,'000001,上证指数,3676.5866,3681.9254,3615.1444,3621.7099,3621.8593,54.7273,1.511,,547721875,6.58867924825e+11,,
2021-09-06,'000001,上证指数,3621.8593,3626.2865,3580.1413,3580.1413,3581.7344,40.1249,1.1203,,521713276,6.54085732919e+11,,
2021-09-03,'000001,上证指数,3581.7344,3613.948,3569.3989,3602.7421,3597.0426,-15.3082,-0.4256,,614532353,7.43840780597e+11,,
2021-09-02,'000001,上证指数,3597.0426,3597.3656,3557.6769,3559.9025,3567.1008,29.9418,0.8394,,572684039,6.91113292774e+11,,
2021-09-01,'000001,上证指数,3567.1008,3582.3236,3514.6744,3543.8663,3543.9402,23.1606,0.6535,,667276305,8.42528984364e+11,,
2021-08-31,'000001,上证指数,3543.9402,3543.9402,3496.3891,3519.0245,3528.1512,15.789,0.4475,,524205056,7.03504818921e+11,,
2021-08-30,'000001,上证指数,3528.1512,3539.494,3512.9929,3535.0727,3522.1567,5.9945,0.1702,,512785716,6.9911624283e+11,,
2021-08-27,'000001,上证指数,3522.1567,3530.1927,3493.375,3494.4176,3501.6643,20.4924,0.5852,,455345906,5.95518692638e+11,,
2021-08-26,'000001,上证指数,3501.6643,3537.3155,3499.4529,3537.3139,3540.3837,-38.7194,-1.0936,,502903147,6.22393475972e+11,,
2021-08-25,'000001,上证指数,3540.3837,3540.3948,3510.0664,3517.9151,3514.471,25.9127,0.7373,,450047019,5.98611868655e+11,,
2021-08-24,'000001,上证指数,3514.471,3522.6973,3481.1409,3482.2658,3477.1321,37.3389,1.0738,,430236463,6.16084137942e+11,,
2021-08-23,'000001,上证指数,3477.1321,3481.2543,3436.6706,3436.7963,3427.3338,49.7983,1.453,,384727440,5.64308155514e+11,,
2021-08-20,'000001,上证指数,3427.3338,3453.1531,3394.9723,3442.5062,3465.5546,-38.2208,-1.1029,,391136918,5.52667602552e+11,,
2021-08-19,'000001,上证指数,3465.5546,3480.4598,3446.0146,3475.298,3485.2859,-19.7313,-0.5661,,382383031,5.37926524372e+11,,
2021-08-18,'000001,上证指数,3485.2859,3487.4364,3437.6908,3442.3472,3446.976,38.3099,1.1114,,389203756,5.35463068066e+11,,
2021-08-17,'000001,上证指数,3446.976,3531.7249,3438.1233,3512.109,3517.3447,-70.3687,-2.0006,,422885804,5.70430624019e+11,,
2021-08-16,'000001,上证指数,3517.3447,3537.85,3510.8976,3514.3445,3516.2989,1.0458,0.0297,,391099721,5.35458941417e+11,,
2021-08-13,'000001,上证指数,3516.2989,3540.0799,3500.7995,3514.4671,3524.7374,-8.4385,-0.2394,,378187282,5.32907854295e+11,,
2021-08-12,'000001,上证指数,3524.7374,3538.396,3513.4457,3522.7238,3532.6213,-7.8839,-0.2232,,381074593,5.38163449854e+11,,
2021-08-11,'000001,上证指数,3532.6213,3544.0941,3524.0444,3527.1093,3529.9309,2.6904,0.0762,,383783554,5.419427326e+11,,
2021-08-10,'000001,上证指数,3529.9309,3529.9309,3477.0641,3488.6642,3494.6348,35.2961,1.01,,345112992,5.53440311802e+11,,
2021-08-09,'000001,上证指数,3494.6348,3502.841,3438.703,3441.7502,3458.2277,36.4071,1.0528,,349910094,5.39498929567e+11,,
2021-08-06,'000001,上证指数,3458.2277,3466.3904,3436.9317,3465.4842,3466.5491,-8.3214,-0.24,,336824400,5.16406643136e+11,,
2021-08-05,'000001,上证指数,3466.5491,3486.1572,3449.3885,3461.7185,3477.2186,-10.6695,-0.3068,,348436922,5.40401110891e+11,,
2021-08-04,'000001,上证指数,3477.2186,3477.5972,3440.7835,3442.9368,3447.9914,29.2272,0.8477,,348744218,5.46820755983e+11,,
2021-08-03,'000001,上证指数,3447.9914,3470.6571,3435.4619,3446.7841,3464.2854,-16.294,-0.4703,,400698081,6.03419198485e+11,,
2021-08-02,'000001,上证指数,3464.2854,3464.2914,3367.643,3385.6902,3397.3574,66.928,1.97,,432927871,6.5788578392e+11,,
2021-07-30,'000001,上证指数,3397.3574,3404.8813,3370.4506,3398.196,3411.724,-14.3666,-0.4211,,381440956,5.68820969728e+11,,
2021-07-29,'000001,上证指数,3411.724,3416.6071,3382.571,3403.8383,3361.5895,50.1345,1.4914,,344569428,5.39748855383e+11,,
2021-07-28,'000001,上证指数,3361.5895,3385.536,3312.7206,3355.8189,3381.1833,-19.5938,-0.5795,,395825419,5.64697720125e+11,,
2021-07-27,'000001,上证指数,3381.1833,3483.8738,3380.2763,3467.4473,3467.4409,-86.2576,-2.4876,,469075443,7.0274108749e+11,,
2021-07-26,'000001,上证指数,3467.4409,3538.0143,3424.7424,3538.0143,3550.3964,-82.9555,-2.3365,,442882203,6.39061193803e+11,,
2021-07-23,'000001,上证指数,3550.3964,3571.8541,3541.5101,3571.7152,3574.7344,-24.338,-0.6808,,446421246,6.04195152713e+11,,
2021-07-22,'000001,上证指数,3574.7344,3576.4732,3558.2933,3563.6608,3562.6611,12.0733,0.3389,,381067054,5.66769499165e+11,,
2021-07-21,'000001,上证指数,3562.6611,3569.0898,3543.0534,3543.0534,3536.7905,25.8706,0.7315,,338978748,5.1723998915e+11,,
2021-07-20,'000001,上证指数,3536.7905,3538.6361,3509.1916,3515.0718,3539.1225,-2.332,-0.0659,,293780594,4.22649888643e+11,,
2021-07-19,'000001,上证指数,3539.1225,3544.8793,3506.3423,3530.4932,3539.3038,-0.1813,-0.0051,,336760946,4.86952459447e+11,,
2021-07-16,'000001,上证指数,3539.3038,3565.9992,3537.7288,3559.526,3564.5902,-25.2864,-0.7094,,366014779,5.18640630071e+11,,
2021-07-15,'000001,上证指数,3564.5902,3565.9347,3514.258,3519.063,3528.5011,36.0891,1.0228,,363259164,5.07481841308e+11,,
2021-07-14,'000001,上证指数,3528.5011,3560.8281,3525.4938,3560.8281,3566.5225,-38.0214,-1.0661,,372221722,5.07716415422e+11,,
2021-07-13,'000001,上证指数,3566.5225,3567.4813,3542.8154,3547.5897,3547.8362,18.6863,0.5267,,362416711,5.11917230695e+11,,
2021-07-12,'000001,上证指数,3547.8362,3565.0321,3527.3927,3545.1977,3524.0881,23.7481,0.6739,,403639558,5.64759282706e+11,,
2021-07-09,'000001,上证指数,3524.0881,3529.3098,3485.0543,3512.2334,3525.5039,-1.4158,-0.0402,,349884317,4.93020839328e+11,,
2021-07-08,'000001,上证指数,3525.5039,3558.6772,3521.0579,3557.2177,3553.7155,-28.2116,-0.7939,,350877857,5.2685867297e+11,,
2021-07-07,'000001,上证指数,3553.7155,3557.879,3504.4723,3508.5901,3530.2589,23.4566,0.6644,,318839189,4.57607653225e+11,,
2021-07-06,'000001,上证指数,3530.2589,3538.347,3496.9276,3533.1304,3534.3222,-4.0633,-0.115,,314070211,4.92886901186e+11,,
2021-07-05,'000001,上证指数,3534.3222,3534.3222,3510.5781,3516.9228,3518.7595,15.5627,0.4423,,288094837,4.45431942147e+11,,
2021-07-02,'000001,上证指数,3518.7595,3569.8919,3514.3386,3569.8919,3588.7816,-70.0221,-1.9511,,291945548,4.52263194296e+11,,
2021-07-01,'000001,上证指数,3588.7816,3607.7049,3573.9374,3600.5464,3591.197,-2.4154,-0.0673,,291883192,4.50639036987e+11,,
2021-06-30,'000001,上证指数,3591.197,3594.1185,3569.501,3572.6236,3573.1779,18.0191,0.5043,,268162818,4.14698378934e+11,,
2021-06-29,'000001,上证指数,3573.1779,3601.8265,3570.5253,3601.6772,3606.3722,-33.1943,-0.9204,,306071178,4.40898705225e+11,,
2021-06-28,'000001,上证指数,3606.3722,3614.3574,3594.2174,3612.2469,3607.5618,-1.1896,-0.033,,321274974,4.56029594401e+11,,
2021-06-25,'000001,上证指数,3607.5618,3614.2981,3564.5199,3567.3772,3566.6539,40.9079,1.147,,346087832,4.83898970869e+11,,
2021-06-24,'000001,上证指数,3566.6539,3570.4874,3548.8161,3568.5758,3566.2199,0.434,0.0122,,335440754,4.6127359557e+11,,
2021-06-23,'000001,上证指数,3566.2199,3577.4661,3549.8482,3559.3988,3557.412,8.8079,0.2476,,310709518,4.70347635637e+11,,
2021-06-22,'000001,上证指数,3557.412,3560.1946,3536.812,3539.7876,3529.1826,28.2294,0.7999,,307536399,4.37092259173e+11,,
2021-06-21,'000001,上证指数,3529.1826,3540.2959,3504.0075,3515.5006,3525.0968,4.0858,0.1159,,280898277,4.26562789148e+11,,
2021-06-18,'000001,上证指数,3525.0968,3535.6221,3503.1833,3520.4966,3525.6042,-0.5074,-0.0144,,296708585,4.46297401403e+11,,
2021-06-17,'000001,上证指数,3525.6042,3534.1976,3507.3535,3508.317,3518.3292,7.275,0.2068,,277229918,3.88761041679e+11,,
2021-06-16,'000001,上证指数,3518.3292,3561.0921,3513.5592,3556.7139,3556.559,-38.2298,-1.0749,,312597306,4.10609314681e+11,,
2021-06-15,'000001,上证指数,3556.559,3592.9465,3547.187,3587.4658,3589.7481,-33.1891,-0.9246,,349168566,4.44719204218e+11,,
2021-06-11,'000001,上证指数,3589.7481,3614.4038,3587.1491,3614.1134,3610.859,-21.1109,-0.5847,,360554970,4.95372693064e+11,,
2021-06-10,'000001,上证指数,3610.859,3624.3433,3584.1332,3587.5282,3591.3965,19.4625,0.5419,,318174808,4.42117285384e+11,,
2021-06-09,'000001,上证指数,3591.3965,3598.7082,3572.6364,3576.8015,3580.1063,11.2902,0.3154,,298323296,4.03236322754e+11,,
2021-06-08,'000001,上证指数,3580.1063,3621.5227,3563.2503,3598.7527,3599.541,-19.4347,-0.5399,,304491470,4.43161808008e+11,,
2021-06-07,'000001,上证指数,3599.541,3600.3759,3581.8988,3597.1413,3591.8447,7.6963,0.2143,,303718677,4.32219952222e+11,,
2021-06-04,'000001,上证指数,3591.8447,3618.8001,3561.8907,3565.4716,3584.2121,7.6326,0.213,,330893038,4.35280519933e+11,,
2021-06-03,'000001,上证指数,3584.2121,3618.5067,3584.2054,3595.4215,3597.1379,-12.9258,-0.3593,,354233031,4.43506527329e+11,,
2021-06-02,'000001,上证指数,3597.1379,3629.2896,3584.5955,3626.3283,3624.7138,-27.5759,-0.7608,,348558420,4.54678066376e+11,,
2021-06-01,'000001,上证指数,3624.7138,3626.0737,3581.9115,3608.5978,3615.4773,9.2365,0.2555,,352811413,4.71663104797e+11,,
2021-05-31,'000001,上证指数,3615.4773,3615.6568,3580.6524,3600.0702,3600.7844,14.6929,0.408,,331523770,4.49694380976e+11,,
2021-05-28,'000001,上证指数,3600.7844,3622.1801,3582.358,3610.7668,3608.8507,-8.0663,-0.2235,,349208830,4.52445031965e+11,,
2021-05-27,'000001,上证指数,3608.8507,3626.3584,3579.2601,3585.7337,3593.357,15.4937,0.4312,,309551486,4.29004239271e+11,,
2021-05-26,'000001,上证指数,3593.357,3603.4881,3585.3695,3586.8388,3581.3418,12.0152,0.3355,,341980288,4.55831256661e+11,,
2021-05-25,'000001,上证指数,3581.3418,3584.5774,3502.4429,3502.539,3497.2821,84.0597,2.4036,,341241127,4.72213531433e+11,,
2021-05-24,'000001,上证指数,3497.2821,3498.3037,3469.8746,3486.2711,3486.5569,10.7252,0.3076,,289509242,3.67181627934e+11,,
2021-05-21,'000001,上证指数,3486.5569,3518.3769,3479.6744,3510.8353,3506.9444,-20.3875,-0.5813,,283826285,3.56025931292e+11,,
2021-05-20,'000001,上证指数,3506.9444,3517.7399,3486.0662,3500.8773,3510.9647,-4.0203,-0.1145,,326009333,3.90355321486e+11,,
2021-05-19,'000001,上证指数,3510.9647,3521.1097,3503.8151,3521.1097,3529.0144,-18.0497,-0.5115,,278321117,3.49973152293e+11,,
2021-05-18,'000001,上证指数,3529.0144,3529.0144,3510.862,3520.6488,3517.6158,11.3986,0.324,,271308558,3.36028774654e+11,,
2021-05-17,'000001,上证指数,3517.6158,3530.5055,3490.1438,3490.4091,3490.3762,27.2396,0.7804,,322135969,4.24476783398e+11,,
2021-05-14,'000001,上证指数,3490.3762,3490.6437,3422.5649,3436.0919,3429.5361,60.8401,1.774,,336982309,4.11116942849e+11,,
2021-05-13,'000001,上证指数,3429.5361,3448.0169,3418.3846,3432.138,3462.7513,-33.2152,-0.9592,,319325327,3.56376917819e+11,,
2021-05-12,'000001,上证指数,3462.7513,3466.3708,3428.3944,3429.7544,3441.8454,20.9059,0.6074,,311444547,3.43860406433e+11,,
2021-05-11,'000001,上证指数,3441.8454,3448.0959,3384.6966,3406.598,3427.9909,13.8545,0.4042,,350934112,3.9032627382e+11,,
2021-05-10,'000001,上证指数,3427.9909,3429.7359,3401.9346,3423.5896,3418.8741,9.1168,0.2667,,374170884,3.99717549009e+11,,
2021-05-07,'000001,上证指数,3418.8741,3457.8924,3416.7755,3446.407,3441.2826,-22.4085,-0.6512,,353785389,4.11078841643e+11,,
2021-05-06,'000001,上证指数,3441.2826,3471.2396,3426.8487,3446.0743,3446.8564,-5.5738,-0.1617,,310424192,4.00525169566e+11,,
2021-04-30,'000001,上证指数,3446.8564,3469.0872,3426.9023,3468.3022,3474.9011,-28.0447,-0.8071,,312660354,4.01442334677e+11,,
2021-04-29,'000001,上证指数,3474.9011,3478.2278,3447.5878,3458.0819,3457.0683,17.8328,0.5158,,276631387,3.71611589911e+11,,
2021-04-28,'000001,上证指数,3457.0683,3457.0683,3423.325,3432.1612,3442.6111,14.4572,0.4199,,247381120,3.49669207298e+11,,
2021-04-27,'000001,上证指数,3442.6111,3443.8538,3417.2647,3440.0911,3441.1658,1.4453,0.042,,253032393,3.27046020018e+11,,
2021-04-26,'000001,上证指数,3441.1658,3497.1208,3438.5724,3484.1072,3474.166,-33.0002,-0.9499,,276970771,3.88161675554e+11,,
2021-04-23,'000001,上证指数,3474.166,3482.3587,3456.3329,3462.0858,3465.1138,9.0522,0.2612,,249360433,3.2301593528e+11,,
2021-04-22,'000001,上证指数,3465.1138,3485.3585,3456.3156,3482.8328,3472.9298,-7.816,-0.2251,,251114510,3.17081034873e+11,,
2021-04-21,'000001,上证指数,3472.9298,3481.2511,3450.1113,3456.2991,3472.9427,-0.0129,-0.0004,,253777859,3.23914146232e+11,,
2021-04-20,'000001,上证指数,3472.9427,3494.2983,3463.4637,3467.1481,3477.5485,-4.6058,-0.1324,,285300082,3.58982768198e+11,,
2021-04-19,'000001,上证指数,3477.5485,3479.0099,3414.3564,3427.548,3426.6178,50.9307,1.4863,,302735819,3.68472467524e+11,,
2021-04-16,'000001,上证指数,3426.6178,3432.6286,3394.1344,3407.188,3398.9875,27.6303,0.8129,,258579672,2.95951094705e+11,,
2021-04-15,'000001,上证指数,3398.9875,3409.6139,3373.0939,3409.6139,3416.7212,-17.7337,-0.519,,234005054,2.72569196767e+11,,
2021-04-14,'000001,上证指数,3416.7212,3420.0278,3392.9751,3397.021,3396.47,20.2512,0.5962,,233242327,2.69010070614e+11,,
2021-04-13,'000001,上证指数,3396.47,3425.3945,3387.902,3411.2928,3412.9477,-16.4777,-0.4828,,270626054,2.90539879926e+11,,
2021-04-12,'000001,上证指数,3412.9477,3456.1581,3403.9012,3445.9696,3450.6772,-37.7295,-1.0934,,309577239,3.38890339564e+11,,
2021-04-09,'000001,上证指数,3450.6772,3475.4467,3442.1392,3475.4434,3482.5548,-31.8776,-0.9154,,280085196,3.06422226254e+11,,
2021-04-08,'000001,上证指数,3482.5548,3495.9086,3459.3246,3467.4871,3479.6256,2.9292,0.0842,,331755329,3.48011326769e+11,,
2021-04-07,'000001,上证指数,3479.6256,3483.4211,3453.1947,3483.4211,3482.9674,-3.3418,-0.0959,,295786978,3.23650987028e+11,,
2021-04-06,'000001,上证指数,3482.9674,3493.2806,3471.761,3491.6336,3484.3924,-1.425,-0.0409,,234746671,2.8632967274e+11,,
2021-04-02,'000001,上证指数,3484.3924,3487.5862,3462.8321,3472.6276,3466.3315,18.0609,0.521,,262654873,3.17953200768e+11,,
2021-04-01,'000001,上证指数,3466.3315,3470.0311,3438.8255,3444.8102,3441.9115,24.42,0.7095,,275244295,2.9265191229e+11,,
2021-03-31,'000001,上证指数,3441.9115,3452.2078,3420.8321,3452.2078,3456.6766,-14.7651,-0.4271,,283049261,3.14174120172e+11,,
2021-03-30,'000001,上证指数,3456.6766,3457.6345,3423.3154,3432.5288,3435.2958,21.3808,0.6224,,285423081,3.31625651218e+11,,
2021-03-29,'000001,上证指数,3435.2958,3449.8338,3409.8868,3429.6322,3418.3267,16.9691,0.4964,,284824243,3.27944119662e+11,,
2021-03-26,'000001,上证指数,3418.3267,3423.2231,3373.3171,3373.3171,3363.5915,54.7352,1.6273,,274614987,3.22408619946e+11,,
2021-03-25,'000001,上证指数,3363.5915,3382.226,3344.9695,3355.0706,3367.0606,-3.4691,-0.103,,270676097,2.90223442604e+11,,
2021-03-24,'000001,上证指数,3367.0606,3415.2949,3362.1847,3394.1283,3411.5088,-44.4482,-1.3029,,317398697,3.44800038246e+11,,
2021-03-23,'000001,上证指数,3411.5088,3445.4159,3390.0477,3445.3408,3443.4392,-31.9304,-0.9273,,326389409,3.43477167707e+11,,
2021-03-22,'000001,上证指数,3443.4392,3443.6596,3404.2341,3406.1227,3404.6634,38.7758,1.1389,,312559084,3.32535035841e+11,,
2021-03-19,'000001,上证指数,3404.6634,3439.5236,3389.2929,3423.8733,3463.0681,-58.4047,-1.6865,,309161716,3.39992292814e+11,,
2021-03-18,'000001,上证指数,3463.0681,3478.1447,3449.3774,3449.6413,3445.5509,17.5172,0.5084,,284403891,3.16529174116e+11,,
2021-03-17,'000001,上证指数,3445.5509,3454.0562,3410.2815,3435.7319,3446.7334,-1.1825,-0.0343,,280059818,3.06630472148e+11,,
2021-03-16,'000001,上证指数,3446.7334,3448.8829,3406.1746,3424.6524,3419.9456,26.7878,0.7833,,316668747,3.3238848473e+11,,
2021-03-15,'000001,上证指数,3419.9456,3457.4892,3392.5089,3441.882,3453.0777,-33.1321,-0.9595,,367813293,3.81646491324e+11,,
2021-03-12,'000001,上证指数,3453.0777,3454.5064,3417.2389,3447.2033,3436.8313,16.2464,0.4727,,358027035,3.81964281222e+11,,
2021-03-11,'000001,上证指数,3436.8313,3436.8313,3369.9024,3369.9024,3357.7372,79.0941,2.3556,,322112044,3.69805365528e+11,,
2021-03-10,'000001,上证指数,3357.7372,3397.0251,3354.823,3389.8388,3359.292,-1.5548,-0.0463,,299749166,3.39571691506e+11,,
2021-03-09,'000001,上证指数,3359.292,3429.1503,3328.3119,3415.3391,3421.4141,-62.1221,-1.8157,,407652539,4.56196190297e+11,,
2021-03-08,'000001,上证指数,3421.4141,3542.3039,3421.2153,3524.983,3501.9867,-80.5726,-2.3008,,387047954,4.53859203342e+11,,
2021-03-05,'000001,上证指数,3501.9867,3523.5682,3456.6668,3463.3086,3503.4916,-1.5049,-0.043,,356409223,4.08849901856e+11,,
2021-03-04,'000001,上证指数,3503.4916,3552.2024,3487.3757,3546.6406,3576.9045,-73.4129,-2.0524,,393616120,4.62233734231e+11,,
2021-03-03,'000001,上证指数,3576.9045,3577.6218,3498.7192,3500.1576,3508.5912,68.3133,1.947,,347656846,4.15490345736e+11,,
2021-03-02,'000001,上证指数,3508.5912,3566.852,3485.3635,3566.852,3551.3998,-42.8086,-1.2054,,339830486,4.27680453058e+11,,
2021-03-01,'000001,上证指数,3551.3998,3552.5665,3511.9888,3531.4802,3509.0804,42.3194,1.206,,315487526,4.02477044217e+11,,
2021-02-26,'000001,上证指数,3509.0804,3550.4055,3500.7036,3514.5648,3585.0458,-75.9654,-2.119,,333280067,4.24485913919e+11,,
2021-02-25,'000001,上证指数,3585.0458,3608.5568,3568.4735,3595.5424,3564.0799,20.9659,0.5883,,366232299,4.44735017112e+11,,
2021-02-24,'000001,上证指数,3564.0799,3645.6474,3531.5936,3638.9359,3636.3573,-72.2774,-1.9876,,362158952,4.8443041462e+11,,
2021-02-23,'000001,上证指数,3636.3573,3672.1511,3617.7013,3617.7013,3642.4449,-6.0876,-0.1671,,398873174,4.7963181024e+11,,
2021-02-22,'000001,上证指数,3642.4449,3717.2669,3642.4449,3707.1912,3696.168,-53.7231,-1.4535,,488821478,5.99323102081e+11,,
2021-02-19,'000001,上证指数,3696.168,3699.6502,3634.0149,3661.7834,3675.3571,20.8109,0.5662,,361059804,4.84990205754e+11,,
2021-02-18,'000001,上证指数,3675.3571,3731.687,3663.6637,3721.0865,3655.088,20.2691,0.5545,,340309065,4.83546564601e+11,,
2021-02-10,'000001,上证指数,3655.088,3662.7655,3612.5049,3612.6125,3603.489,51.599,1.4319,,257940824,3.9264338963e+11,,
2021-02-09,'000001,上证指数,3603.489,3604.0112,3528.6755,3539.7726,3532.4467,71.0423,2.0111,,253821760,3.71567972461e+11,,
2021-02-08,'000001,上证指数,3532.4467,3542.2075,3492.1286,3504.5631,3496.3329,36.1138,1.0329,,249799619,3.59187319179e+11,,
2021-02-05,'000001,上证指数,3496.3329,3536.5417,3492.9624,3509.4874,3501.8592,-5.5263,-0.1578,,290146174,3.97391919558e+11,,
2021-02-04,'000001,上证指数,3501.8592,3524.7219,3465.7706,3503.7785,3517.308,-15.4488,-0.4392,,298834854,4.18742552802e+11,,
2021-02-03,'000001,上证指数,3517.308,3544.0092,3508.5069,3531.149,3533.6849,-16.3769,-0.4635,,297351716,4.13731471971e+11,,
2021-02-02,'000001,上证指数,3533.6849,3535.502,3495.5681,3510.8084,3505.2836,28.4013,0.8102,,264540630,3.84127851092e+11,,
2021-02-01,'000001,上证指数,3505.2836,3506.3889,3469.875,3477.1715,3483.0692,22.2144,0.6378,,277567901,3.71473066289e+11,,
2021-01-29,'000001,上证指数,3483.0692,3531.5981,3446.5471,3521.7175,3505.1759,-22.1067,-0.6307,,293662664,4.16528620977e+11,,
2021-01-28,'000001,上证指数,3505.1759,3549.544,3496.8788,3534.6685,3573.3412,-68.1653,-1.9076,,270862461,3.91574388027e+11,,
2021-01-27,'000001,上证指数,3573.3412,3578.7968,3546.492,3567.5485,3569.429,3.9122,0.1096,,264107161,3.96270389619e+11,,
2021-01-26,'000001,上证指数,3569.429,3610.9686,3564.7415,3610.9686,3624.2381,-54.8091,-1.5123,,278139884,4.36326664646e+11,,
2021-01-25,'000001,上证指数,3624.2381,3637.1002,3591.0204,3605.3611,3606.7496,17.4885,0.4849,,327341070,5.27257347653e+11,,
2021-01-22,'000001,上证指数,3606.7496,3616.5401,3585.0339,3616.5401,3621.2641,-14.5145,-0.4008,,324463084,4.8545219241e+11,,
2021-01-21,'000001,上证指数,3621.2641,3636.2444,3585.8017,3590.9247,3583.092,38.1721,1.0653,,327466995,4.69855226646e+11,,
2021-01-20,'000001,上证指数,3583.092,3589.9624,3556.4425,3564.121,3566.3814,16.7106,0.4686,,272271661,3.97144766184e+11,,
2021-01-19,'000001,上证指数,3566.3814,3603.1477,3553.0236,3596.3564,3596.2237,-29.8423,-0.8298,,323439541,4.67402582397e+11,,
2021-01-18,'000001,上证指数,3596.2237,3608.7665,3544.2614,3554.7977,3566.3778,29.8459,0.8369,,301652565,4.5174070045e+11,,
2021-01-15,'000001,上证指数,3566.3778,3589.2655,3533.7882,3566.2847,3565.9046,0.4732,0.0133,,324612744,4.80343780956e+11,,
2021-01-14,'000001,上证指数,3565.9046,3599.0584,3559.6001,3584.9324,3598.6518,-32.7472,-0.91,,347666819,5.11325103696e+11,,
2021-01-13,'000001,上证指数,3598.6518,3622.3475,3575.5945,3613.281,3608.3389,-9.6871,-0.2685,,388127791,5.54853439062e+11,,
2021-01-12,'000001,上证指数,3608.3389,3608.3389,3517.4689,3518.0106,3531.4978,76.8411,2.1759,,323406153,4.85771186331e+11,,
2021-01-11,'000001,上证指数,3531.4978,3597.7022,3516.9862,3571.3212,3570.1082,-38.6104,-1.0815,,362479154,5.26895927277e+11,,
2021-01-08,'000001,上证指数,3570.1082,3588.0625,3544.8912,3577.6923,3576.2046,-6.0964,-0.1705,,345557896,5.02170815614e+11,,
2021-01-07,'000001,上证指数,3576.2046,3576.2046,3526.6174,3552.9087,3550.8767,25.3279,0.7133,,405348226,5.4570962811e+11,,
2021-01-06,'000001,上证指数,3550.8767,3556.8022,3513.1262,3530.9072,3528.6767,22.2,0.6291,,370230926,5.21799529792e+11,,
2021-01-05,'000001,上证指数,3528.6767,3528.6767,3484.7151,3492.1912,3502.9584,25.7183,0.7342,,407995934,5.68019462188e+11,,
2021-01-04,'000001,上证指数,3502.9584,3511.6554,3457.2061,3474.6793,3473.0693,29.8891,0.8606,,380790800,5.23367700849e+11,,
2020-12-31,'000001,上证指数,3473.0693,3474.9182,3419.7267,3419.7267,3414.4527,58.6166,1.7167,,335673926,4.50482318884e+11,,
2020-12-30,'000001,上证指数,3414.4527,3414.4539,3374.4156,3375.0086,3379.0362,35.4165,1.0481,,291023543,3.77542350937e+11,,
2020-12-29,'000001,上证指数,3379.0362,3407.0884,3376.0876,3399.2939,3397.2854,-18.2492,-0.5372,,311769185,3.82102563807e+11,,
2020-12-28,'000001,上证指数,3397.2854,3412.5193,3383.654,3396.359,3396.5626,0.7228,0.0213,,316181542,3.98159968833e+11,,
2020-12-25,'000001,上证指数,3396.5626,3397.0066,3348.3453,3351.7901,3363.1133,33.4493,0.9946,,294546895,3.59094444683e+11,,
2020-12-24,'000001,上证指数,3363.1133,3394.0746,3354.0215,3382.193,3382.3195,-19.2062,-0.5678,,275044450,3.63321144328e+11,,
2020-12-23,'000001,上证指数,3382.3195,3394.2089,3360.2019,3362.4721,3356.7822,25.5373,0.7608,,299523527,4.13254779062e+11,,
2020-12-22,'000001,上证指数,3356.7822,3415.7538,3353.8581,3410.9678,3420.5693,-63.7871,-1.8648,,323037654,4.32199556488e+11,,
2020-12-21,'000001,上证指数,3420.5693,3423.6088,3381.1158,3394.3945,3394.896,25.6733,0.7562,,283759794,3.83898951602e+11,,
2020-12-18,'000001,上证指数,3394.896,3413.8134,3382.7508,3400.4855,3404.8732,-9.9772,-0.293,,280992641,3.54027376853e+11,,
2020-12-17,'000001,上证指数,3404.8732,3406.1547,3354.0112,3367.277,3366.9832,37.89,1.1253,,275463631,3.64740477233e+11,,
2020-12-16,'000001,上证指数,3366.9832,3378.6626,3359.1705,3371.2632,3367.2326,-0.2494,-0.0074,,220813976,3.08823385267e+11,,
2020-12-15,'000001,上证指数,3367.2326,3373.5579,3348.4192,3366.5813,3369.1201,-1.8875,-0.056,,225667402,3.15289741293e+11,,
2020-12-14,'000001,上证指数,3369.1201,3371.1291,3338.6263,3349.534,3347.191,21.9291,0.6551,,239807926,3.16229132862e+11,,
2020-12-11,'000001,上证指数,3347.191,3383.1783,3325.172,3381.008,3373.2758,-26.0848,-0.7733,,298617158,3.79848803591e+11,,
2020-12-10,'000001,上证指数,3373.2758,3384.8875,3357.7531,3365.731,3371.964,1.3118,0.0389,,247308304,3.21616357219e+11,,
2020-12-09,'000001,上证指数,3371.964,3422.536,3371.9156,3416.0782,3410.1771,-38.2131,-1.1206,,260747424,3.39317806321e+11,,
2020-12-08,'000001,上证指数,3410.1771,3428.6618,3403.0263,3417.6936,3416.6037,-6.4266,-0.1881,,226907328,3.0463503351e+11,,
2020-12-07,'000001,上证指数,3416.6037,3449.5782,3414.3142,3446.6478,3444.5814,-27.9777,-0.8122,,254522508,3.36836800332e+11,,
2020-12-04,'000001,上证指数,3444.5814,3448.4036,3417.0484,3436.7291,3442.1359,2.4455,0.071,,256276705,3.29393208345e+11,,
2020-12-03,'000001,上证指数,3442.1359,3452.1612,3428.8044,3448.5403,3449.3805,-7.2446,-0.21,,298459930,3.52422286605e+11,,
2020-12-02,'000001,上证指数,3449.3805,3465.7288,3435.8712,3453.5181,3451.9384,-2.5579,-0.0741,,312811114,3.83340845066e+11,,
2020-12-01,'000001,上证指数,3451.9384,3457.6354,3386.9113,3388.9867,3391.7551,60.1833,1.7744,,316188980,3.85250751317e+11,,
2020-11-30,'000001,上证指数,3391.7551,3456.7365,3391.7551,3418.1583,3408.3071,-16.552,-0.4856,,384989968,4.5450057179e+11,,
2020-11-27,'000001,上证指数,3408.3071,3408.3071,3364.4919,3373.8434,3369.7334,38.5737,1.1447,,280649894,3.26069547158e+11,,
2020-11-26,'000001,上证指数,3369.7334,3371.4537,3344.2822,3360.0609,3362.3274,7.406,0.2203,,255886822,3.17308635e+11,,
2020-11-25,'000001,上证指数,3362.3274,3423.4853,3362.3274,3417.515,3402.8225,-40.4951,-1.19,,322110207,3.8347778517e+11,,
2020-11-24,'000001,上证指数,3402.8225,3413.9263,3396.2436,3407.4087,3414.4899,-11.6674,-0.3417,,300994144,3.5950580488e+11,,
2020-11-23,'000001,上证指数,3414.4899,3431.6529,3377.9862,3384.1039,3377.7267,36.7632,1.0884,,373872047,4.31504375645e+11,,
2020-11-20,'000001,上证指数,3377.7267,3380.1489,3356.3086,3359.5966,3363.0876,14.6391,0.4353,,261271219,3.12659789107e+11,,
2020-11-19,'000001,上证指数,3363.0876,3367.3328,3330.4496,3339.0864,3347.3034,15.7842,0.4715,,253262992,3.1952019452e+11,,
2020-11-18,'000001,上证指数,3347.3034,3358.8938,3333.9916,3337.3315,3339.895,7.4084,0.2218,,287531259,3.58745367425e+11,,
2020-11-17,'000001,上证指数,3339.895,3347.6979,3323.9506,3347.1513,3346.9692,-7.0742,-0.2114,,283632479,3.53623369912e+11,,
2020-11-16,'000001,上证指数,3346.9692,3346.9692,3313.6469,3325.6209,3310.1046,36.8646,1.1137,,279593761,3.33750600125e+11,,
2020-11-13,'000001,上证指数,3310.1046,3327.2293,3291.6425,3327.2293,3338.6788,-28.5742,-0.8559,,227898364,3.01527966899e+11,,
2020-11-12,'000001,上证指数,3338.6788,3350.2848,3329.485,3344.4562,3342.2025,-3.5237,-0.1054,,216501309,2.86927436429e+11,,
2020-11-11,'000001,上证指数,3342.2025,3365.836,3339.0407,3354.0247,3360.1485,-17.946,-0.5341,,271204653,3.55802065547e+11,,
2020-11-10,'000001,上证指数,3360.1485,3387.6219,3346.1715,3387.6219,3373.7337,-13.5852,-0.4027,,278701113,3.9000839173e+11,,
2020-11-09,'000001,上证指数,3373.7337,3380.8235,3329.4285,3329.4285,3312.159,61.5747,1.8591,,310219771,4.2994892189e+11,,
2020-11-06,'000001,上证指数,3312.159,3326.4645,3292.1507,3326.4645,3320.1333,-7.9743,-0.2402,,234864132,3.25485056731e+11,,
2020-11-05,'000001,上证指数,3320.1333,3320.408,3291.6,3305.5798,3277.4402,42.6931,1.3026,,226801462,3.16292709979e+11,,
2020-11-04,'000001,上证指数,3277.4402,3286.6212,3254.1113,3273.4326,3271.0744,6.3658,0.1946,,188514128,2.70723846522e+11,,
2020-11-03,'000001,上证指数,3271.0744,3278.3806,3237.8539,3239.8063,3225.1196,45.9548,1.4249,,215297864,3.0373014781e+11,,
2020-11-02,'000001,上证指数,3225.1196,3242.8041,3209.9094,3228.715,3224.5325,0.5871,0.0182,,226779137,3.25321869127e+11,,
2020-10-30,'000001,上证指数,3224.5325,3279.8563,3219.4216,3278.6312,3272.7274,-48.1949,-1.4726,,230188803,3.28917241625e+11,,
2020-10-29,'000001,上证指数,3272.7274,3289.7655,3231.1243,3235.7647,3269.238,3.4894,0.1067,,184703589,2.7860566523e+11,,
2020-10-28,'000001,上证指数,3269.238,3275.8714,3238.382,3256.2225,3254.3157,14.9223,0.4585,,173181965,2.56213458182e+11,,
2020-10-27,'000001,上证指数,3254.3157,3258.3369,3235.5443,3240.7395,3251.1188,3.1969,0.0983,,149115566,2.17487420944e+11,,
2020-10-26,'000001,上证指数,3251.1188,3264.4464,3226.6018,3258.7028,3277.9972,-26.8784,-0.82,,167731795,2.35462468393e+11,,
2020-10-23,'000001,上证指数,3277.9972,3326.0489,3276.6197,3308.1581,3312.5005,-34.5033,-1.0416,,174208982,2.49912883288e+11,,
2020-10-22,'000001,上证指数,3312.5005,3320.8787,3281.3662,3315.8206,3325.0247,-12.5242,-0.3767,,165949987,2.36428248945e+11,,
2020-10-21,'000001,上证指数,3325.0247,3332.147,3304.1693,3332.147,3328.1029,-3.0782,-0.0925,,177632115,2.4684813901e+11,,
2020-10-20,'000001,上证指数,3328.1029,3328.1029,3293.7662,3307.1498,3312.6671,15.4358,0.466,,165084762,2.27823367094e+11,,
2020-10-19,'000001,上证指数,3312.6671,3371.0862,3307.8407,3351.0961,3336.3582,-23.6911,-0.7101,,212303540,2.83882790191e+11,,
2020-10-16,'000001,上证指数,3336.3582,3348.9543,3319.11,3334.4568,3332.1832,4.175,0.1253,,194295421,2.53448029477e+11,,
2020-10-15,'000001,上证指数,3332.1832,3354.5784,3330.0014,3342.9222,3340.7782,-8.595,-0.2573,,191031282,2.63848674025e+11,,
2020-10-14,'000001,上证指数,3340.7782,3353.6247,3332.9635,3353.6247,3359.7499,-18.9717,-0.5647,,198659382,2.81159984705e+11,,
2020-10-13,'000001,上证指数,3359.7499,3361.8315,3334.4989,3353.1213,3358.4652,1.2847,0.0383,,204926103,2.88505837528e+11,,
2020-10-12,'000001,上证指数,3358.4652,3359.1526,3286.1111,3287.3281,3272.0762,86.389,2.6402,,259622408,3.55700113687e+11,,
2020-10-09,'000001,上证指数,3272.0762,3280.5124,3260.1873,3262.6105,3218.0521,54.0241,1.6788,,188325648,2.64171043763e+11,,
2020-09-30,'000001,上证指数,3218.0521,3244.9134,3202.3435,3232.7104,3224.3593,-6.3072,-0.1956,,153504457,2.05762857294e+11,,
2020-09-29,'000001,上证指数,3224.3593,3242.7937,3219.7902,3231.8551,3217.5346,6.8247,0.2121,,151349870,2.07307813844e+11,,
2020-09-28,'000001,上证指数,3217.5346,3238.1825,3210.8925,3224.9769,3219.4179,-1.8833,-0.0585,,155982783,2.09672387617e+11,,
2020-09-25,'000001,上证指数,3219.4179,3239.4662,3208.0349,3234.3739,3223.1764,-3.7585,-0.1166,,164822419,2.20674476958e+11,,
2020-09-24,'000001,上证指数,3223.1764,3265.3451,3221.2365,3262.879,3279.7105,-56.5341,-1.7238,,206736011,2.58259919724e+11,,
2020-09-23,'000001,上证指数,3279.7105,3289.7624,3264.8907,3278.8358,3274.3015,5.409,0.1652,,169178068,2.40742428787e+11,,
2020-09-22,'000001,上证指数,3274.3015,3320.2278,3265.7025,3290.6656,3316.9351,-42.6336,-1.2853,,214015065,2.69113293656e+11,,
2020-09-21,'000001,上证指数,3316.9351,3350.5893,3313.0714,3348.8988,3338.0897,-21.1546,-0.6337,,216503093,2.87691308071e+11,,
2020-09-18,'000001,上证指数,3338.0897,3338.3243,3268.526,3270.911,3270.435,67.6547,2.0687,,256260788,3.37025892904e+11,,
2020-09-17,'000001,上证指数,3270.435,3290.4094,3248.499,3277.3238,3283.9244,-13.4894,-0.4108,,202931972,2.79311053428e+11,,
2020-09-16,'000001,上证指数,3283.9244,3302.4556,3271.075,3293.1678,3295.6795,-11.7551,-0.3567,,200443364,2.42270893454e+11,,
2020-09-15,'000001,上证指数,3295.6795,3297.6904,3263.7522,3277.1284,3278.8138,16.8657,0.5144,,197684400,2.51763868534e+11,,
2020-09-14,'000001,上证指数,3278.8138,3283.5325,3261.1479,3275.9181,3260.3461,18.4677,0.5664,,213924137,2.69219919654e+11,,
2020-09-11,'000001,上证指数,3260.3461,3262.4976,3220.5363,3225.7836,3234.8234,25.5227,0.789,,221698830,2.5484499426e+11,,
2020-09-10,'000001,上证指数,3234.8234,3285.4731,3227.6435,3282.232,3254.6279,-19.8045,-0.6085,,312472804,3.09676743626e+11,,
2020-09-09,'000001,上证指数,3254.6279,3289.6148,3238.5606,3280.9974,3316.417,-61.7891,-1.8631,,351509747,3.41054534059e+11,,
2020-09-08,'000001,上证指数,3316.417,3324.3929,3276.4431,3301.2173,3292.5907,23.8263,0.7236,,271066278,3.20229901328e+11,,
2020-09-07,'000001,上证指数,3292.5907,3368.2446,3285.6326,3349.9184,3355.3666,-62.7759,-1.8709,,260616567,3.57726463915e+11,,
2020-09-04,'000001,上证指数,3355.3666,3360.1061,3328.5518,3336.4076,3384.9806,-29.614,-0.8749,,221636550,3.08179657649e+11,,
2020-09-03,'000001,上证指数,3384.9806,3425.6294,3374.2634,3404.0319,3404.8017,-19.8211,-0.5822,,255346279,3.507065639e+11,,
2020-09-02,'000001,上证指数,3404.8017,3421.3959,3377.2111,3420.4693,3410.6068,-5.8051,-0.1702,,261546319,3.4563898233e+11,,
2020-09-01,'000001,上证指数,3410.6068,3410.6068,3381.7108,3389.7424,3395.6775,14.9293,0.4397,,246999249,3.26850955348e+11,,
2020-08-31,'000001,上证指数,3395.6775,3442.7363,3395.4675,3416.5497,3403.8066,-8.1291,-0.2388,,323473890,4.36930125416e+11,,
2020-08-28,'000001,上证指数,3403.8066,3405.8768,3339.6494,3346.2893,3350.1128,53.6938,1.6027,,271325549,3.79367046371e+11,,
2020-08-27,'000001,上证指数,3350.1128,3351.8324,3312.9859,3333.4909,3329.7388,20.374,0.6119,,237099353,3.17153391524e+11,,
2020-08-26,'000001,上证指数,3329.7388,3382.6032,3320.1355,3371.8083,3373.5781,-43.8393,-1.2995,,294451036,3.81928906554e+11,,
2020-08-25,'000001,上证指数,3373.5781,3408.8697,3364.1602,3392.8797,3385.6383,-12.0602,-0.3562,,277113421,3.55997790768e+11,,
2020-08-24,'000001,上证指数,3385.6383,3396.5663,3368.0258,3391.1132,3380.6825,4.9558,0.1466,,266227841,3.45683380015e+11,,
2020-08-21,'000001,上证指数,3380.6825,3393.9175,3358.0005,3380.2269,3363.8988,16.7837,0.4989,,287488340,3.61281752665e+11,,
2020-08-20,'000001,上证指数,3363.8988,3394.557,3352.7767,3385.9645,3408.1288,-44.23,-1.2978,,335600982,4.01815550096e+11,,
2020-08-19,'000001,上证指数,3408.1288,3454.4613,3406.1642,3444.5646,3451.0894,-42.9606,-1.2448,,405722214,4.98262158316e+11,,
2020-08-18,'000001,上证指数,3451.0894,3456.7206,3432.6402,3441.9337,3438.801,12.2884,0.3573,,380729275,4.93052155326e+11,,
2020-08-17,'000001,上证指数,3438.801,3450.8987,3369.3742,3373.9018,3360.0988,78.7022,2.3423,,434598260,5.37425075053e+11,,
2020-08-14,'000001,上证指数,3360.0988,3362.0267,3302.7357,3315.6687,3320.7261,39.3727,1.1857,,305998376,3.6746742174e+11,,
2020-08-13,'000001,上证指数,3320.7261,3338.1518,3309.4629,3328.1754,3319.2656,1.4605,0.044,,324291278,3.87162288598e+11,,
2020-08-12,'000001,上证指数,3319.2656,3335.729,3263.2653,3327.4929,3340.29,-21.0244,-0.6294,,378328959,4.80731246078e+11,,
2020-08-11,'000001,上证指数,3340.29,3409.0589,3336.0945,3379.4874,3379.2524,-38.9624,-1.153,,400452706,5.14020764101e+11,,
2020-08-10,'000001,上证指数,3379.2524,3399.9323,3335.0427,3341.5276,3354.0352,25.2172,0.7518,,381379630,5.27083944585e+11,,
2020-08-07,'000001,上证指数,3354.0352,3374.133,3307.7127,3370.5878,3386.4631,-32.4279,-0.9576,,403929633,5.6143564955e+11,,
2020-08-06,'000001,上证指数,3386.4631,3392.7048,3334.3341,3380.7621,3377.5648,8.8983,0.2635,,415302510,5.70488248065e+11,,
2020-08-05,'000001,上证指数,3377.5648,3383.6365,3333.877,3363.3324,3371.6875,5.8773,0.1743,,385823027,5.26515054658e+11,,
2020-08-04,'000001,上证指数,3371.6875,3391.0743,3352.5017,3376.4402,3367.9658,3.7217,0.1105,,442328551,6.04942141521e+11,,
2020-08-03,'000001,上证指数,3367.9658,3368.1028,3327.6773,3332.1826,3310.0065,57.9593,1.751,,407460867,5.72430759825e+11,,
2020-07-31,'000001,上证指数,3310.0065,3333.7859,3261.6135,3280.7959,3286.822,23.1845,0.7054,,353758979,4.95778040702e+11,,
2020-07-30,'000001,上证指数,3286.822,3312.4508,3282.1617,3299.5718,3294.5521,-7.7301,-0.2346,,340704121,4.76974005609e+11,,
2020-07-29,'000001,上证指数,3294.5521,3294.5521,3209.9902,3221.9883,3227.9604,66.5917,2.063,,324924062,4.53094399516e+11,,
2020-07-28,'000001,上证指数,3227.9604,3245.2967,3208.4939,3226.1329,3205.2268,22.7336,0.7093,,289377861,3.89873696215e+11,,
2020-07-27,'000001,上证指数,3205.2268,3221.9846,3174.6583,3210.3863,3196.7684,8.4584,0.2646,,299319021,4.02231919289e+11,,
2020-07-24,'000001,上证指数,3196.7684,3319.1268,3184.9645,3310.6449,3325.1102,-128.3418,-3.8598,,427054026,5.84311865017e+11,,
2020-07-23,'000001,上证指数,3325.1102,3336.3002,3257.8269,3306.1489,3333.1635,-8.0533,-0.2416,,407042499,5.46887089708e+11,,
2020-07-22,'000001,上证指数,3333.1635,3381.9757,3311.7862,3315.1816,3320.8947,12.2688,0.3694,,393335335,5.40577040594e+11,,
2020-07-21,'000001,上证指数,3320.8947,3336.6791,3300.5719,3330.5467,3314.149,6.7457,0.2035,,359252029,4.8886218037e+11,,
2020-07-20,'000001,上证指数,3314.149,3314.149,3220.684,3243.9105,3214.1287,100.0203,3.1119,,418555306,5.44045656232e+11,,
2020-07-17,'000001,上证指数,3214.1287,3252.7786,3181.2745,3214.4022,3210.0986,4.0301,0.1255,,359652413,4.86536118269e+11,,
2020-07-16,'000001,上证指数,3210.0986,3373.5317,3209.7272,3356.359,3361.3044,-151.2058,-4.4984,,490613123,6.79468340648e+11,,
2020-07-15,'000001,上证指数,3361.3044,3432.4506,3345.7488,3422.0778,3414.6186,-53.3142,-1.5614,,492030542,6.74727409786e+11,,
2020-07-14,'000001,上证指数,3414.6186,3451.2224,3366.0828,3435.0237,3443.2863,-28.6677,-0.8326,,543211492,7.07327005157e+11,,
2020-07-13,'000001,上证指数,3443.2863,3458.7914,3369.0378,3379.3867,3383.3222,59.9641,1.7723,,558006875,7.17397053099e+11,,
2020-07-10,'000001,上证指数,3383.3222,3433.1085,3372.5066,3418.9347,3450.5935,-67.2713,-1.9496,,556120011,7.03197550444e+11,,
2020-07-09,'000001,上证指数,3450.5935,3456.9721,3393.6379,3403.4832,3403.4401,47.1534,1.3855,,620001823,7.51406830395e+11,,
2020-07-08,'000001,上证指数,3403.4401,3421.5312,3327.7062,3337.5518,3345.3369,58.1032,1.7368,,587081685,6.96807634538e+11,,
2020-07-07,'000001,上证指数,3345.3369,3407.0811,3336.2416,3380.9536,3332.8807,12.4562,0.3737,,657840159,7.93638372425e+11,,
2020-07-06,'000001,上证指数,3332.8807,3337.2723,3187.8393,3187.8393,3152.8126,180.0681,5.7113,,643878906,7.24153675701e+11,,
2020-07-03,'000001,上证指数,3152.8126,3152.8126,3103.9952,3103.9952,3090.5693,62.2433,2.014,,458793851,5.35489334735e+11,,
2020-07-02,'000001,上证指数,3090.5693,3092.4432,3021.6736,3023.7189,3025.981,64.5883,2.1345,,391127996,4.78216482346e+11,,
2020-07-01,'000001,上证指数,3025.981,3026.1862,2984.9841,2991.1813,2984.6741,41.3069,1.384,,273313140,3.69883802297e+11,,
2020-06-30,'000001,上证指数,2984.6741,2990.8253,2965.1054,2965.1054,2961.5164,23.1577,0.782,,214957214,2.97312328414e+11,,
2020-06-29,'000001,上证指数,2961.5164,2977.9122,2951.7702,2973.0757,2979.5505,-18.0341,-0.6053,,220622729,2.93886016005e+11,,
2020-06-24,'000001,上证指数,2979.5505,2982.9425,2971.2235,2972.9827,2970.6203,8.9302,0.3006,,213200732,2.97008784132e+11,,
2020-06-23,'000001,上证指数,2970.6203,2972.4025,2949.8469,2960.8875,2965.2717,5.3486,0.1804,,225212208,3.0537877053e+11,,
2020-06-22,'000001,上证指数,2965.2717,2983.4382,2959.035,2966.9008,2967.6341,-2.3624,-0.0796,,267883834,3.46028748359e+11,,
2020-06-19,'000001,上证指数,2967.6341,2973.3164,2935.8239,2938.7887,2939.3151,28.319,0.9635,,264313961,3.19089106632e+11,,
2020-06-18,'000001,上证指数,2939.3151,2942.8983,2920.1054,2929.8799,2935.873,3.4421,0.1172,,258691377,2.89367727804e+11,,
2020-06-17,'000001,上证指数,2935.873,2936.6162,2919.0353,2932.6708,2931.7493,4.1237,0.1407,,234654391,2.7800711073e+11,,
2020-06-16,'000001,上证指数,2931.7493,2931.7791,2909.1341,2912.8251,2890.0306,41.7187,1.4435,,223313065,2.70948558455e+11,,
2020-06-15,'000001,上证指数,2890.0306,2922.5364,2890.0306,2908.2767,2919.7408,-29.7102,-1.0176,,243205046,2.93361556834e+11,,
2020-06-12,'000001,上证指数,2919.7408,2930.255,2872.6165,2876.8029,2920.8968,-1.156,-0.0396,,236008642,2.74321726179e+11,,
2020-06-11,'000001,上证指数,2920.8968,2952.651,2912.1932,2939.7914,2943.7525,-22.8557,-0.7764,,233722947,2.89023256107e+11,,
2020-06-10,'000001,上证指数,2943.7525,2951.3298,2934.8428,2951.2784,2956.1116,-12.3591,-0.4181,,207925969,2.43968496538e+11,,
2020-06-09,'000001,上证指数,2956.1116,2957.1186,2932.9385,2939.5351,2937.7712,18.3404,0.6243,,209048585,2.5141469624e+11,,
2020-06-08,'000001,上证指数,2937.7712,2950.0656,2934.2103,2941.9816,2930.7993,6.9719,0.2379,,231124360,2.74611815611e+11,,
2020-06-05,'000001,上证指数,2930.7993,2930.7993,2909.1181,2923.1891,2919.2506,11.5487,0.3956,,217360673,2.53141142478e+11,,
2020-06-04,'000001,上证指数,2919.2506,2932.9677,2910.7516,2931.8376,2923.3711,-4.1205,-0.141,,226605873,2.5434598448e+11,,
2020-06-03,'000001,上证指数,2923.3711,2942.7597,2922.6612,2930.3906,2921.398,1.9731,0.0675,,255663980,3.00447817007e+11,,
2020-06-02,'000001,上证指数,2921.398,2926.3588,2909.1277,2916.3168,2915.4311,5.9669,0.2047,,256108049,2.94402745888e+11,,
2020-06-01,'000001,上证指数,2915.4311,2917.1508,2871.9641,2871.9641,2852.3512,63.0799,2.2115,,260196050,3.07416215148e+11,,
2020-05-29,'000001,上证指数,2852.3512,2855.3756,2829.6271,2835.584,2846.2217,6.1295,0.2154,,206792804,2.33798996643e+11,,
2020-05-28,'000001,上证指数,2846.2217,2861.9241,2820.1455,2838.2072,2836.8036,9.4181,0.332,,207546019,2.39234260636e+11,,
2020-05-27,'000001,上证指数,2836.8036,2848.9965,2831.9281,2847.3198,2846.5473,-9.7437,-0.3423,,198149343,2.27934395739e+11,,
2020-05-26,'000001,上证指数,2846.5473,2848.3371,2825.901,2827.8967,2817.9697,28.5776,1.0141,,174562369,2.07427833711e+11,,
2020-05-25,'000001,上证指数,2817.9697,2821.4978,2802.4653,2816.241,2813.7654,4.2043,0.1494,,172885557,2.02115352627e+11,,
2020-05-22,'000001,上证指数,2813.7654,2863.0462,2808.0177,2863.0462,2867.9237,-54.1583,-1.8884,,209063712,2.45229603698e+11,,
2020-05-21,'000001,上证指数,2867.9237,2891.5177,2864.2073,2890.7213,2883.7378,-15.8141,-0.5484,,203532038,2.50569937553e+11,,
2020-05-20,'000001,上证指数,2883.7378,2896.4657,2876.1766,2896.4657,2898.576,-14.8382,-0.5119,,210519985,2.69176553625e+11,,
2020-05-19,'000001,上证指数,2898.576,2900.2187,2887.5768,2897.6867,2875.4176,23.1584,0.8054,,197222405,2.56277803072e+11,,
2020-05-18,'000001,上证指数,2875.4176,2889.9795,2862.2709,2872.5244,2868.4587,6.9589,0.2426,,226022882,2.89089595543e+11,,
2020-05-15,'000001,上证指数,2868.4587,2884.2199,2863.3698,2880.7067,2870.3422,-1.8835,-0.0656,,188983592,2.4687819108e+11,,
2020-05-14,'000001,上证指数,2870.3422,2887.0577,2869.1832,2887.0577,2898.0495,-27.7073,-0.9561,,197776202,2.37336974703e+11,,
2020-05-13,'000001,上证指数,2898.0495,2900.2587,2875.5354,2882.9552,2891.5564,6.4931,0.2246,,185061310,2.23866906924e+11,,
2020-05-12,'000001,上证指数,2891.5564,2897.9018,2871.23,2894.6171,2894.802,-3.2456,-0.1121,,197082985,2.38476218839e+11,,
2020-05-11,'000001,上证指数,2894.802,2914.2838,2884.3806,2901.5739,2895.3444,-0.5424,-0.0187,,225120410,2.71930641512e+11,,
2020-05-08,'000001,上证指数,2895.3444,2903.7967,2879.2034,2882.7078,2871.5232,23.8212,0.8296,,226822075,2.7656271695e+11,,
2020-05-07,'000001,上证指数,2871.5232,2882.0222,2864.5813,2876.4727,2878.1402,-6.617,-0.2299,,226736957,2.68607485284e+11,,
2020-05-06,'000001,上证指数,2878.1402,2879.2634,2830.6536,2831.6326,2860.0822,18.058,0.6314,,249826616,3.03890031005e+11,,
2020-04-30,'000001,上证指数,2860.0822,2865.59,2832.3843,2832.3843,2822.4424,37.6398,1.3336,,242455278,2.77440934007e+11,,
2020-04-29,'000001,上证指数,2822.4424,2831.7642,2800.7379,2801.383,2810.0243,12.4181,0.4419,,202061807,2.22720221728e+11,,
2020-04-28,'000001,上证指数,2810.0243,2821.745,2758.2459,2819.9914,2815.4947,-5.4704,-0.1943,,253872745,2.70534752615e+11,,
2020-04-27,'000001,上证指数,2815.4947,2832.6662,2802.9579,2812.2422,2808.5293,6.9654,0.248,,210130981,2.25293706288e+11,,
2020-04-24,'000001,上证指数,2808.5293,2834.9387,2802.4989,2834.9387,2838.4994,-29.9701,-1.0558,,235185076,2.44122291477e+11,,
2020-04-23,'000001,上证指数,2838.4994,2853.6357,2835.8961,2850.5104,2843.9804,-5.481,-0.1927,,248779037,2.62662040532e+11,,
2020-04-22,'000001,上证指数,2843.9804,2843.9804,2808.4819,2814.0661,2827.0133,16.9671,0.6002,,217320000,2.3279677775e+11,,
2020-04-21,'000001,上证指数,2827.0133,2842.2372,2808.0214,2842.2372,2852.5528,-25.5395,-0.8953,,233235870,2.48688585736e+11,,
2020-04-20,'000001,上证指数,2852.5528,2852.99,2833.2615,2840.4085,2838.4945,14.0583,0.4953,,211847078,2.33759313193e+11,,
2020-04-17,'000001,上证指数,2838.4945,2854.9599,2830.0217,2835.5581,2819.935,18.5595,0.6582,,245736750,2.8002522914e+11,,
2020-04-16,'000001,上证指数,2819.935,2823.3382,2796.8388,2798.4295,2811.1741,8.7609,0.3116,,203003773,2.22432600866e+11,,
2020-04-15,'000001,上证指数,2811.1741,2829.7503,2808.7039,2826.6618,2827.283,-16.1089,-0.5698,,205621146,2.31631632235e+11,,
2020-04-14,'000001,上证指数,2827.283,2827.2981,2789.4279,2794.801,2783.0476,44.2354,1.5895,,202696569,2.23605697289e+11,,
2020-04-13,'000001,上证指数,2783.0476,2792.8906,2774.0808,2784.5979,2796.6312,-13.5836,-0.4857,,177124554,1.8412028414e+11,,
2020-04-10,'000001,上证指数,2796.6312,2833.0148,2789.9756,2827.1873,2825.9036,-29.2724,-1.0359,,233454768,2.46376307237e+11,,
2020-04-09,'000001,上证指数,2825.9036,2832.395,2820.4326,2825.8393,2815.3686,10.535,0.3742,,238184843,2.47392988029e+11,,
2020-04-08,'000001,上证指数,2815.3686,2823.2139,2800.2963,2805.9166,2820.7634,-5.3948,-0.1913,,243515305,2.53159668052e+11,,
2020-04-07,'000001,上证指数,2820.7634,2823.2767,2801.8386,2806.9676,2763.9874,56.776,2.0541,,270198186,2.86627794328e+11,,
2020-04-03,'000001,上证指数,2763.9874,2780.5868,2754.0731,2773.5764,2780.6379,-16.6505,-0.5988,,200837404,2.14062212038e+11,,
2020-04-02,'000001,上证指数,2780.6379,2780.6379,2719.9043,2720.2284,2734.5215,46.1164,1.6865,,217864600,2.33111575711e+11,,
2020-04-01,'000001,上证指数,2734.5215,2773.3641,2731.0794,2743.5409,2750.2962,-15.7747,-0.5736,,217253427,2.25624646572e+11,,
2020-03-31,'000001,上证指数,2750.2962,2771.1683,2743.1154,2767.3072,2747.2138,3.0824,0.1122,,218598674,2.24271061569e+11,,
2020-03-30,'000001,上证指数,2747.2138,2759.0989,2723.0543,2739.7191,2772.2033,-24.9895,-0.9014,,239706604,2.50687144233e+11,,
2020-03-27,'000001,上证指数,2772.2033,2805.5479,2771.7563,2792.9843,2764.9109,7.2924,0.2637,,240764066,2.53630725892e+11,,
2020-03-26,'000001,上证指数,2764.9109,2788.5038,2753.4282,2761.8961,2781.5913,-16.6804,-0.5997,,234084022,2.48279785001e+11,,
2020-03-25,'000001,上证指数,2781.5913,2788.6354,2757.8016,2775.3032,2722.4381,59.1532,2.1728,,273144466,2.93191204399e+11,,
2020-03-24,'000001,上证指数,2722.4381,2723.4066,2667.1333,2703.0193,2660.1674,62.2707,2.3409,,257021930,2.78999306643e+11,,
2020-03-23,'000001,上证指数,2660.1674,2703.3295,2656.5008,2677.591,2745.6182,-85.4508,-3.1123,,249820250,2.68423241974e+11,,
2020-03-20,'000001,上证指数,2745.6182,2751.8964,2702.4933,2727.0186,2702.1296,43.4886,1.6094,,252019507,2.81583369664e+11,,
2020-03-19,'000001,上证指数,2702.1296,2736.82,2646.8048,2719.4063,2728.7563,-26.6267,-0.9758,,302302747,3.3051800849e+11,,
2020-03-18,'000001,上证指数,2728.7563,2815.8737,2728.7563,2792.3221,2779.6407,-50.8844,-1.8306,,291159852,3.18611391559e+11,,
2020-03-17,'000001,上证指数,2779.6407,2826.9068,2715.2213,2796.284,2789.2537,-9.613,-0.3446,,306149677,3.23012822799e+11,,
2020-03-16,'000001,上证指数,2789.2537,2898.0349,2784.6616,2897.3009,2887.4265,-98.1728,-3.4,,351878665,3.75627000794e+11,,
2020-03-13,'000001,上证指数,2887.4265,2910.8812,2799.9841,2804.2322,2923.4856,-36.0591,-1.2334,,366450436,3.93019665228e+11,,
2020-03-12,'000001,上证指数,2923.4856,2944.4651,2906.2838,2936.0163,2968.5174,-45.0318,-1.517,,307778457,3.28209202378e+11,,
2020-03-11,'000001,上证指数,2968.5174,3010.0286,2968.5174,3001.7616,2996.7618,-28.2444,-0.9425,,352470970,3.78766618968e+11,,
2020-03-10,'000001,上证指数,2996.7618,3000.2963,2904.7989,2918.9347,2943.2907,53.4711,1.8167,,393296648,4.25017184791e+11,,
2020-03-09,'000001,上证指数,2943.2907,2989.2051,2940.7138,2987.1805,3034.5113,-91.2206,-3.0061,,414560736,4.3814385461e+11,,
2020-03-06,'000001,上证指数,3034.5113,3052.4439,3029.4632,3039.9395,3071.6771,-37.1658,-1.21,,362061533,3.77388542662e+11,,
2020-03-05,'000001,上证指数,3071.6771,3074.2571,3022.9262,3036.1545,3011.6657,60.0114,1.9926,,445425806,4.82770471394e+11,,
2020-03-04,'000001,上证指数,3011.6657,3012.0035,2974.3583,2981.806,2992.8968,18.7689,0.6271,,353338278,3.89893917455e+11,,
2020-03-03,'000001,上证指数,2992.8968,3026.842,2976.623,3006.8888,2970.9312,21.9656,0.7394,,410108047,4.47053681544e+11,,
2020-03-02,'000001,上证指数,2970.9312,2982.5068,2899.31,2899.31,2880.3038,90.6274,3.1465,,367333369,3.9724420118e+11,,
2020-02-28,'000001,上证指数,2880.3038,2948.1261,2878.5443,2924.6407,2991.3288,-111.025,-3.7116,,401216914,4.32657775045e+11,,
2020-02-27,'000001,上证指数,2991.3288,3009.4575,2980.4774,2992.4919,2987.9287,3.4001,0.1138,,350523658,3.95955641514e+11,,
2020-02-26,'000001,上证指数,2987.9287,3028.7788,2974.9423,2978.4195,3013.0501,-25.1214,-0.8338,,469049552,4.95341447274e+11,,
2020-02-25,'000001,上证指数,3013.0501,3016.9458,2943.7168,2982.0696,3031.2333,-18.1832,-0.5999,,441622762,5.13128644551e+11,,
2020-02-24,'000001,上证指数,3031.2333,3042.1821,3007.3557,3027.8925,3039.6692,-8.4359,-0.2775,,370430044,4.51601363084e+11,,
2020-02-21,'000001,上证指数,3039.6692,3058.898,3020.141,3022.2455,3030.1542,9.515,0.314,,364557276,4.45062076684e+11,,
2020-02-20,'000001,上证指数,3030.1542,3031.3706,2968.4451,2981.8802,2975.4019,54.7523,1.8402,,345732881,4.13761364103e+11,,
2020-02-19,'000001,上证指数,2975.4019,2998.2718,2971.8219,2979.5223,2984.9716,-9.5697,-0.3206,,315141151,3.8133116042e+11,,
2020-02-18,'000001,上证指数,2984.9716,2990.6003,2960.7751,2981.4097,2983.6224,1.3492,0.0452,,311665913,3.74998562648e+11,,
2020-02-17,'000001,上证指数,2983.6224,2983.6371,2924.9913,2924.9913,2917.0077,66.6147,2.2837,,313198007,3.67014340129e+11,,
2020-02-14,'000001,上证指数,2917.0077,2926.9427,2899.5739,2899.8659,2906.0735,10.9342,0.3763,,250650627,3.08080368726e+11,,
2020-02-13,'000001,上证指数,2906.0735,2935.406,2901.2425,2927.1443,2926.8991,-20.8256,-0.7115,,274804844,3.34526327364e+11,,
2020-02-12,'000001,上证指数,2926.8991,2926.8991,2892.424,2895.5561,2901.6744,25.2247,0.8693,,248733429,2.97534420493e+11,,
2020-02-11,'000001,上证指数,2901.6744,2913.8159,2882.2428,2894.5414,2890.4878,11.1866,0.387,,269168335,3.02956847206e+11,,
2020-02-10,'000001,上证指数,2890.4878,2891.8479,2851.0503,2860.499,2875.9636,14.5242,0.505,,294929784,3.41520398251e+11,,
2020-02-07,'000001,上证指数,2875.9636,2875.9636,2838.7702,2858.9324,2866.5097,9.4539,0.3298,,309479642,3.62384162464e+11,,
2020-02-06,'000001,上证指数,2866.5097,2876.5878,2807.609,2826.8851,2818.0878,48.4219,1.7183,,316392142,3.58582589711e+11,,
2020-02-05,'000001,上证指数,2818.0878,2842.7426,2778.8641,2792.3713,2783.2875,34.8003,1.2503,,309761823,3.49184114813e+11,,
2020-02-04,'000001,上证指数,2783.2875,2786.1642,2685.2693,2685.2693,2746.6056,36.6819,1.3355,,364046200,3.74068466756e+11,,
2020-02-03,'000001,上证指数,2746.6056,2766.5773,2716.6978,2716.6978,2976.5281,-229.9225,-7.7245,,215912103,2.57019597412e+11,,
2020-01-23,'000001,上证指数,2976.5281,3045.0406,2955.346,3037.9524,3060.7545,-84.2264,-2.7518,,272763234,3.27490360408e+11,,
2020-01-22,'000001,上证指数,3060.7545,3069.2527,3006.2677,3038.4868,3052.1419,8.6126,0.2822,,223852865,2.78456923975e+11,,
2020-01-21,'000001,上证指数,3052.1419,3085.7895,3051.2301,3085.7895,3095.7873,-43.6454,-1.4098,,234830739,2.8626809821e+11,,
2020-01-20,'000001,上证指数,3095.7873,3096.3105,3070.4801,3082.1134,3075.4955,20.2918,0.6598,,210493341,2.71122455433e+11,,
2020-01-17,'000001,上证指数,3075.4955,3091.9516,3067.2525,3081.4641,3074.0814,1.4141,0.046,,190304299,2.42273045255e+11,,
2020-01-16,'000001,上证指数,3074.0814,3096.3717,3070.884,3095.7342,3090.0379,-15.9565,-0.5164,,203375475,2.36843360101e+11,,
2020-01-15,'000001,上证指数,3090.0379,3107.9426,3082.0425,3103.1749,3106.8204,-16.7825,-0.5402,,202313023,2.32913446656e+11,,
2020-01-14,'000001,上证指数,3106.8204,3127.1692,3105.6049,3120.6669,3115.5696,-8.7492,-0.2808,,229973769,2.71542441387e+11,,
2020-01-13,'000001,上证指数,3115.5696,3115.5696,3075.3837,3091.493,3092.2907,23.2789,0.7528,,210621004,2.58524058005e+11,,
2020-01-10,'000001,上证指数,3092.2907,3105.2248,3081.3961,3102.2938,3094.8819,-2.5912,-0.0837,,210442462,2.41555668061e+11,,
2020-01-09,'000001,上证指数,3094.8819,3097.3291,3080.1313,3082.6398,3066.8925,27.9894,0.9126,,243435649,2.71716020902e+11,,
2020-01-08,'000001,上证指数,3066.8925,3094.2389,3059.1313,3094.2389,3104.8015,-37.909,-1.221,,297872553,3.06517394459e+11,,
2020-01-07,'000001,上证指数,3104.8015,3105.4507,3084.329,3085.4882,3083.4083,21.3932,0.6938,,276583111,2.88159227657e+11,,
2020-01-06,'000001,上证指数,3083.4083,3107.2032,3065.3088,3070.9088,3083.7858,-0.3775,-0.0122,,312575842,3.31182549906e+11,,
